cust_id,recency,frequency,monetary
12346,272,2,0
12347,2,7,4310
12348,65,4,1797.24
12349,16,1,1757.55
12350,259,1,334.4
12352,31,11,1545.41
12353,173,1,89
12354,192,1,1079.4
12355,182,1,459.4
12356,19,3,2811.43
12357,29,1,6207.67
12358,1,2,1168.06
12359,6,6,6245.53
12360,45,3,2662.06
12361,239,1,189.9
12362,3,13,5154.58
12363,93,2,552
12364,6,4,1313.1
12365,243,3,320.69
12367,4,1,168.9
12370,44,4,3545.69
12371,38,2,1887.96
12372,61,3,1298.04
12373,260,1,364.6
12374,22,1,742.93
12375,2,3,455.42
12377,263,2,1628.12
12378,110,1,4008.62
12379,70,3,850.29
12380,18,5,2720.56
12381,4,6,1803.96
12383,157,6,1839.31
12384,24,3,566.16
12386,282,2,401.9
12388,13,6,2780.66
12390,68,1,549.84
12391,18,1,460.89
12393,62,4,1582.6
12394,54,2,1272.48
12395,13,15,2998.28
12397,30,2,2409.9
12398,39,1,1635.66
12399,101,4,1108.65
12401,253,1,84.3
12402,270,1,225.6
12403,42,2,409.7
12405,126,1,1710.39
12406,19,3,3280.75
12407,42,5,1708.12
12408,28,9,2842.57
12409,67,7,11056.93
12410,251,3,681.08
12412,64,3,1226.88
12413,57,5,694.15
12414,184,3,562.41
12415,21,26,123725.45
12417,3,12,3578.8
12418,95,1,668.58
12420,54,1,600.39
12421,13,5,806.27
12422,82,3,803.56
12423,0,9,1849.11
12424,138,2,1760.96
12425,67,1,777.2
12426,165,1,582.73
12427,10,5,708.37
12428,22,12,7877.2
12429,8,4,3750.4
12430,37,1,256.4
12431,30,18,6416.39
12432,36,5,5059.32
12433,0,7,13375.87
12434,72,4,765.19
12435,68,2,7829.89
12436,85,1,509.01
12437,1,19,4896.66
12438,12,2,2906.85
12441,308,1,173.55
12442,3,1,172.06
12444,18,5,5005.46
12445,19,1,133.4
12446,49,1,1002.31
12447,202,1,476.49
12448,38,1,449.45
12449,19,4,4067.29
12450,133,2,197.88
12451,9,6,8933.52
12452,14,3,428.57
12453,114,1,707.09
12454,46,2,5.40E-13
12455,63,6,2466.86
12456,38,4,3153.89
12457,50,12,1917.78
12458,61,2,947.4
12461,81,2,826.88
12462,2,4,1124.01
12463,40,7,1303.63
12464,9,8,1212.05
12465,6,3,733.89
12468,122,3,724.04
12471,2,49,18740.92
12472,26,13,6229.48
12473,25,9,2848.23
12474,15,30,7116.47
12475,46,1,723.38
12476,1,20,6546.58
12477,19,9,13117.01
12478,3,1,680.99
12479,3,3,477.3
12480,24,4,3281.63
12481,19,11,5590.86
12483,15,13,2327.13
12484,28,8,4495.27
12488,8,3,1298.66
12489,281,1,334.93
12490,5,10,5417.93
12491,33,1,460.4
12492,54,2,263.21
12493,141,3,416.79
12494,8,13,1139.35
12497,70,1,1043.1
12498,18,3,403.7
12500,20,13,4206.27
12501,263,2,2089.68
12502,82,5,3723.87
12503,282,1,-1126
12504,16,4,114
12505,251,1,-4.5
12506,192,1,73.5
12507,114,4,1258.06
12508,23,2,398.27
12509,237,1,176.5
12510,121,2,982.57
12512,57,2,138.03
12513,72,2,586.79
12514,222,1,1017.68
12515,297,1,383.7
12516,66,2,1312.06
12517,24,6,2464.89
12518,0,5,2056.89
12519,54,1,340.84
12520,68,6,2582.51
12521,121,1,599.68
12522,34,2,192.72
12523,1,13,1745.57
12524,8,8,4485.72
12526,0,3,1316.66
12527,70,3,348.71
12528,8,8,1922.28
12530,51,5,1623.63
12531,12,1,125.22
12532,26,1,349.83
12534,111,1,1089.18
12535,78,2,716.35
12536,6,5,4106.82
12538,25,1,363.95
12539,19,5,3852.5
12540,17,19,13309.04
12541,25,3,981.18
12544,25,2,355.7
12545,65,2,1000.39
12546,40,3,1141.5
12547,167,2,207.8
12548,142,1,95.2
12550,68,1,964.83
12551,300,1,168
12552,33,2,437.82
12553,7,14,3652.25
12556,43,2,603.71
12557,14,5,11990.96
12558,1,2,-3.91E-14
12559,259,3,536.21
12560,5,4,2101.39
12561,252,1,238.85
12562,7,7,3781.74
12564,217,1,456.9
12565,234,2,131.17
12566,62,2,346.7
12567,19,11,9114.94
12569,2,35,4064.99
12571,34,2,519.61
12572,7,3,1004.72
12573,191,1,160.54
12574,263,1,218.45
12576,30,6,1306.98
12577,30,4,595.4
12578,18,4,2753.36
12579,63,3,410.72
12580,204,1,415.7
12581,34,1,197.71
12582,197,2,511.36
12583,2,18,7187.34
12584,3,18,1893.95
12585,194,4,1982.81
12586,15,2,179.94
12587,6,1,144
12588,34,1,214.9
12589,24,2,646.68
12590,162,3,9861.38
12591,265,1,452.85
12592,79,2,437.6
12593,92,3,418.1
12594,32,11,3320.22
12596,44,2,618.27
12597,17,5,3683.13
12598,8,9,3002.68
12599,25,7,1032.58
12600,24,11,2581.04
12601,161,6,569.56
12602,50,1,153.12
12603,18,1,739.2
12604,68,2,254.18
12605,307,1,-7.5
12607,50,2,-4.10E-13
12609,67,3,1126.85
12610,19,7,2057.99
12611,45,1,1193.32
12612,49,2,643.59
12613,27,6,3218.98
12614,231,1,315.6
12615,2,4,2291.19
12616,73,5,657.25
12617,25,1,355.53
12618,18,1,177.31
12619,14,13,3214.81
12620,12,3,1339.41
12621,1,23,13612.07
12622,192,1,180.1
12623,230,1,305.1
12624,90,2,641.13
12625,179,3,2614.32
12626,20,13,6388.35
12627,9,7,4478.53
12628,4,4,769.61
12630,8,2,1270.88
12631,49,1,640.5
12633,50,5,2140.63
12635,77,2,1689.18
12637,58,10,5953.25
12638,29,1,671.69
12639,197,1,486.1
12640,20,3,1174.58
12641,98,1,185.9
12642,22,3,1013.26
12643,109,6,3344.64
12644,110,1,477.91
12645,29,5,1755.38
12646,4,2,1346.97
12647,19,13,3669.92
12648,131,1,318.05
12649,91,4,603.71
12650,3,1,314.44
12651,280,1,114
12652,269,2,914.53
12653,126,2,2209.85
12654,9,5,601.98
12656,15,8,3982.72
12657,10,5,1152.06
12658,16,1,686.05
12659,25,1,91.68
12660,10,1,245.1
12662,0,12,3817.08
12664,7,10,4863.88
12665,271,2,61.75
12666,302,1,-227.44
12667,50,1,620.13
12668,6,6,3743.18
12669,128,4,1607.73
12670,9,6,2986.15
12672,275,1,225.9
12673,5,2,610.52
12674,10,7,1919.31
12676,21,6,1331.39
12678,36,13,17588.26
12679,45,9,1058.67
12680,0,4,862.81
12681,12,27,13677.59
12682,3,31,12288.22
12683,4,20,8221.09
12684,6,7,2283.63
12685,24,6,2863.08
12686,312,1,89.14
12688,96,1,4873.81
12689,22,2,1247.61
12690,174,1,389.01
12691,24,6,1035.8
12693,102,6,830.96
12694,60,2,869.67
12695,6,4,582.1
12697,18,5,939.02
12700,6,6,4867.99
12701,68,2,797.71
12702,17,1,219
12703,55,2,274.7
12704,6,10,2220.84
12705,13,14,6814.24
12707,243,1,603.42
12708,25,16,2616.32
12709,3,26,9294.1
12710,83,4,1130.57
12712,19,17,4241.63
12713,0,1,848.55
12714,8,5,4708.86
12715,90,1,353.86
12716,3,2,1053.49
12717,129,3,980.98
12718,61,1,238.25
12719,5,3,608.1
12720,2,29,5713.28
12721,27,7,2628.98
12722,73,6,904.33
12723,3,5,725.07
12724,5,4,1031.41
12725,312,1,427.8
12726,24,7,2609.1
12727,9,9,3947.7
12728,61,4,836.33
12729,96,1,453.01
12731,20,14,18793.41
12732,153,1,236.26
12733,194,1,383.95
12734,296,1,110.4
12735,263,2,779.57
12736,278,1,234
12738,313,1,155.35
12739,67,2,1013.04
12740,54,1,427.6
12743,114,2,546.43
12744,44,10,9120.39
12747,2,11,4196.01
12748,0,224,29072.1
12749,3,8,3868.2
12750,109,1,275.88
12752,70,1,4366.78
12753,3,11,21024.01
12754,195,5,2949.12
12755,207,4,2203.2
12756,74,1,112.08
12757,13,19,4227.7
12758,99,2,2791.59
12759,45,3,1531.44
12762,6,2,1898.52
12763,118,2,494.08
12764,264,1,1693.88
12766,3,7,6989.63
12769,197,1,1143.6
12770,178,1,1351.45
12772,51,1,892.47
12775,15,6,1351.24
12778,17,7,804.23
12779,18,12,3868.7
12781,18,5,707.72
12782,4,6,2273.32
12783,2,8,1603.87
12784,8,2,574.42
12785,2,2,305.71
12787,8,3,463.66
12789,56,1,91.85
12790,164,1,324.92
12791,314,1,192.6
12792,213,1,400.54
12793,280,2,545.48
12794,46,2,860.41
12795,16,1,430.48
12797,303,3,194.18
12798,9,3,6977.04
12802,156,2,412.58
12808,31,3,483.65
12809,143,2,484.36
12811,216,3,514.85
12812,38,1,229.64
12814,87,1,125.92
12815,125,2,1063.46
12816,82,2,572.2
12817,234,1,166.04
12818,152,2,1517.88
12820,3,4,942.34
12821,182,1,92.72
12822,60,3,918.98
12823,64,5,1759.5
12824,51,1,397.12
12826,2,8,1468.12
12827,5,3,430.15
12828,2,6,1018.71
12829,269,3,253.05
12830,32,7,6748.4
12831,218,1,215.05
12832,28,2,383.03
12833,124,1,417.38
12834,235,1,312.38
12836,51,4,2612.86
12837,148,1,134.1
12838,29,2,683.13
12839,2,16,5583.62
12840,122,6,2714.27
12841,4,26,3876.4
12842,60,2,1118.99
12843,56,9,1680.76
12844,25,2,325.96
12845,222,4,354.09
12847,19,1,871.54
12849,27,2,1050.89
12851,83,1,135.18
12852,242,2,299.75
12853,91,9,1881.7
12854,67,5,1289.15
12855,313,1,38.1
12856,6,8,2162.68
12857,178,2,1106.4
12863,45,2,504.2
12864,118,1,147.12
12865,23,3,1548.07
12866,236,1,559.12
12867,23,10,3986.22
12868,158,6,1607.06
12870,308,1,-14.9
12871,72,2,380.64
12872,273,2,599.97
12873,235,1,374
12875,122,2,343.23
12876,49,2,2218.02
12877,3,12,1535.77
12878,16,3,841.64
12879,38,4,552.57
12881,229,1,298
12882,8,2,1463.04
12883,21,4,703.47
12884,76,1,309.05
12885,54,4,1158.27
12886,58,3,1351.09
12888,182,4,313.77
12890,21,1,380.47
12891,158,3,331
12893,26,1,188.14
12895,36,3,347.3
12897,173,2,216.5
12901,7,36,16293.1
12902,220,1,138.68
12904,16,2,509.58
12906,10,5,2919.81
12908,50,4,246
12909,34,8,2128.83
12910,20,8,3075.04
12912,2,5,1662.3
12913,4,5,2483.63
12915,126,2,363.65
12916,118,5,2982.35
12917,109,1,594
12919,7,8,1301.44
12920,15,1,164.23
12921,3,50,16389.74
12922,137,1,405.38
12923,55,1,176.97
12924,76,5,929.95
12925,4,2,694.05
12928,30,5,2062.7
12929,104,2,105.1
12930,67,4,409.9
12931,18,20,33462.81
12933,21,4,606.28
12935,2,8,2156.45
12936,15,5,1012.9
12937,13,4,1504.27
12938,22,1,114.14
12939,55,8,11581.8
12940,40,4,876.29
12942,112,3,683.9
12943,251,1,-3.75
12944,30,2,604.51
12945,240,1,462.95
12947,122,11,1407.29
12948,14,8,2053.7
12949,26,10,4143.02
12950,2,3,1843
12951,7,8,1042.07
12952,5,5,1382.84
12953,8,1,329.85
12955,1,14,4734.26
12956,256,1,108.07
12957,4,12,3979.04
12962,6,2,266.39
12963,7,9,1841.03
12965,77,1,771.91
12966,8,1,160.18
12967,3,4,1194.75
12968,95,1,135.95
12970,6,4,452.24
12971,3,89,10930.26
12974,167,1,144.8
12976,179,1,738.6
12977,133,1,39.24
12980,132,12,7092.06
12981,25,2,372.22
12982,198,2,377.2
12984,16,1,97.5
12985,0,3,1215.62
12987,63,3,545
12988,244,1,535.32
12989,3,19,6854.51
12990,27,3,409.5
12991,20,2,503.76
12993,20,4,414.76
12994,4,5,902.22
12995,66,2,200.72
12997,19,7,1197.94
12999,166,3,455.88
13000,90,3,534.85
13001,4,15,9797.92
13002,266,1,120.95
13003,89,3,149.05
13004,10,22,5613.43
13005,148,3,468.95
13006,48,1,81.57
13008,270,2,178.47
13011,313,1,50.55
13012,8,11,1311.62
13013,1,15,4786.99
13014,2,16,3365.43
13015,46,5,3346.28
13016,63,3,789.89
13017,6,1,204
13018,14,29,7272.75
13021,4,12,2584.4
13023,55,2,689.9
13026,1,8,936.15
13027,96,6,6912
13028,19,3,659.68
13029,26,3,1247.5
13030,10,2,799.48
13032,33,3,996.52
13033,300,1,190.55
13034,47,2,642.77
13035,49,3,886.63
13037,118,3,881.07
13038,69,3,908.46
13040,7,2,676.99
13043,210,2,471.57
13044,243,1,560.47
13045,85,1,305.28
13046,26,2,629.31
13047,27,18,3079.1
13048,12,5,1805.91
13049,55,2,656.68
13050,8,28,5684.61
13052,180,1,348.15
13055,55,4,1201.96
13058,21,3,271.4
13059,207,1,183.4
13060,210,1,307.53
13061,62,1,248.61
13062,163,1,346.98
13064,11,4,1119.49
13065,314,1,205.86
13066,21,3,430.9
13067,71,1,115.46
13068,9,2,344
13069,0,27,3717.82
13070,164,1,228.8
13072,221,1,177.15
13075,110,1,919.61
13077,1,4,729.27
13078,1,43,12432.28
13079,4,5,220.1
13080,153,1,58.08
13081,1,21,27964.48
13082,107,10,3595.48
13083,4,2,303.75
13085,134,3,272.38
13089,2,118,57385.88
13090,7,18,8689.39
13091,18,2,319.82
13092,60,6,459.83
13093,222,13,7741.47
13094,18,16,1708.86
13095,60,1,74.4
13097,28,14,5893.32
13098,1,41,28658.88
13099,85,1,207.36
13101,194,1,101.19
13102,1,27,6336.29
13103,34,1,243.94
13104,3,6,1098.48
13106,109,2,59.5
13107,38,5,1524.07
13108,313,1,350.06
13109,2,5,766.84
13110,27,8,1452.87
13113,0,40,10510
13115,7,14,2205.63
13116,100,2,485.19
13117,18,8,984.91
13118,17,7,1125
13120,197,1,30.6
13121,224,2,254.73
13122,81,2,922.39
13124,77,3,3866.33
13126,4,10,2056.29
13127,66,1,259.17
13130,81,1,64
13131,20,4,1039.3
13132,217,1,77.3
13133,227,2,109.8
13134,62,7,1740.63
13135,166,1,3096
13136,43,11,2545.38
13137,9,9,3605.08
13138,19,6,962.39
13139,14,8,5055.79
13140,92,3,423.72
13141,72,6,2385.8
13142,17,1,307.09
13144,278,1,110.95
13145,34,5,614.77
13146,23,1,228.91
13147,9,4,712.8
13148,25,17,3348.48
13149,12,4,1676.06
13151,172,2,1250.37
13153,5,1,486.22
13154,123,1,-611.86
13155,29,4,971.76
13157,42,5,1721.57
13158,81,4,1201.06
13159,7,5,1379.75
13160,19,1,91.8
13161,262,1,112.75
13162,104,5,1644.99
13165,40,2,1021.48
13166,235,2,414.7
13167,16,4,791.33
13168,31,5,1310.14
13169,54,2,712.88
13170,23,1,116.01
13171,7,5,426.81
13173,4,2,353.65
13174,14,3,2817.03
13176,40,1,492.84
13177,55,1,282.45
13178,23,11,5725.47
13182,39,1,121.18
13183,6,9,3957.78
13184,12,12,1648.79
13185,222,1,71.4
13186,34,5,1539.69
13187,282,1,236.02
13188,10,1,114.6
13189,16,2,260.68
13192,82,2,911.94
13193,53,1,117.88
13194,115,1,60.7
13196,10,4,1797.78
13198,9,8,3384.09
13199,3,39,9803.96
13200,17,4,870.09
13203,8,4,869.46
13207,13,2,250.26
13208,50,7,1205.9
13209,26,11,5820.16
13210,80,1,353.48
13211,9,3,1197.42
13212,8,4,780.58
13213,48,6,1518.43
13216,222,1,333.74
13217,104,5,133.62
13218,108,1,62.64
13220,67,4,819.29
13221,199,2,847.41
13223,170,2,163.2
13224,52,3,2150.85
13225,3,8,6083.04
13226,227,1,108.21
13227,171,1,257.7
13228,70,1,358
13229,189,1,160.95
13230,4,15,2763.41
13232,11,7,1357.6
13233,64,2,605.12
13235,179,2,101.17
13236,21,3,727.27
13238,10,5,680.83
13239,217,1,329.56
13240,83,4,663.65
13242,95,3,270.4
13243,172,1,600.07
13244,79,1,121.74
13245,43,1,430.5
13246,16,7,1922.1
13247,15,4,501.12
13248,106,2,465.68
13249,79,3,711.41
13253,133,2,1030.4
13255,3,3,390.66
13256,12,1,0
13258,10,3,698.58
13259,53,1,292.32
13260,53,1,557.62
13261,223,2,944.1
13262,219,1,200.29
13263,1,35,7454.07
13265,46,5,2107.66
13266,10,19,3717.67
13267,2,27,4404.44
13268,15,15,3167.64
13269,1,17,5315.92
13270,308,1,590
13271,32,2,178.26
13272,27,2,276.56
13273,96,1,138.98
13276,54,2,590.93
13277,13,4,258.4
13278,35,1,542.73
13279,55,2,126.3
13280,104,3,814.86
13282,16,6,1047.84
13283,51,2,93.66
13284,269,2,196.15
13285,20,4,2709.12
13291,132,1,361.11
13292,33,2,578.94
13294,161,2,873.74
13295,302,2,197.95
13296,117,1,87.4
13297,6,4,2089.85
13298,1,1,360
13299,223,1,142.5
13300,140,2,365.29
13301,88,4,618.09
13302,132,1,63.75
13304,295,1,300.42
13305,4,10,2000.86
13307,102,1,15
13308,19,4,1367.61
13309,6,5,1456.79
13310,7,6,1083.63
13311,4,2,598.57
13313,19,5,1555.32
13314,1,4,578.66
13316,32,5,5815.49
13317,55,9,2140.07
13318,1,3,640.76
13319,5,36,10664.34
13320,60,6,1491.7
13321,62,2,567.36
13322,15,1,199.48
13323,3,5,787.85
13324,28,12,7072.8
13325,70,1,675.3
13327,33,9,3617.57
13328,264,1,1308.48
13329,27,4,740.4
13330,79,3,1140.93
13332,12,1,350.9
13334,71,3,3536.82
13336,66,1,795.12
13338,131,3,431.82
13339,170,1,860.12
13340,39,7,10736.48
13341,216,1,775.85
13343,147,2,303.93
13344,58,3,2543.72
13345,230,2,377.6
13347,60,1,341.36
13348,55,1,233.76
13349,9,1,247.32
13350,14,3,910.72
13351,57,1,373.94
13352,6,2,389.28
13354,61,1,743.53
13355,104,1,674.7
13356,69,1,768.24
13357,214,1,609.95
13358,223,1,439.03
13359,51,2,431.26
13362,3,5,3085.49
13363,15,2,992.5
13364,57,2,-5.33E-15
13365,7,3,2191.22
13366,43,1,56.16
13368,213,2,623.4
13369,298,2,263.75
13370,308,2,721.32
13372,77,1,378.64
13373,52,3,3312.25
13375,70,2,772.9
13376,85,3,1019.76
13379,23,3,572.56
13381,18,7,3626.81
13382,233,1,222.99
13384,26,9,4122.28
13385,275,1,534.57
13388,103,3,627.15
13389,10,3,797.96
13390,64,1,544.08
13391,172,1,59.8
13394,1,10,2312.8
13395,158,1,307.72
13396,18,4,1325.29
13397,62,6,1539.18
13398,164,1,457.34
13402,108,2,621.23
13403,15,1,75
13404,1,2,252.49
13405,64,3,572.451
13408,1,81,27487.41
13410,7,7,988.91
13411,91,1,213.55
13414,113,3,1390.5
13416,37,2,712.5
13417,4,2,640.83
13418,10,23,5845.44
13419,54,1,221.06
13420,114,4,140.35
13421,35,3,1848.98
13422,44,2,2601.55
13425,92,3,1624.21
13426,0,12,3550.7
13427,17,3,582.6
13428,9,1,218.47
13429,9,4,1006.8
13430,16,4,648.69
13431,58,2,1269.1
13434,64,2,534.24
13435,5,9,3794.49
13436,1,1,196.89
13437,12,7,3408.06
13439,212,1,283.71
13441,78,1,296.64
13447,20,4,1104.23
13448,14,10,3465.67
13449,20,1,291.88
13450,23,6,2043.72
13451,23,6,2916.45
13452,215,2,590
13453,141,2,356.98
13455,21,4,1007.35
13456,15,7,1737.82
13458,6,22,9537.92
13460,25,2,183.44
13461,33,3,1445
13462,156,2,143.25
13464,50,1,674.68
13466,86,2,297.95
13467,9,2,1083.71
13468,1,41,5656.75
13470,85,2,165
13471,1,4,2531.58
13473,52,3,417.54
13474,196,1,229.59
13475,163,4,1431.78
13476,152,4,1092.77
13477,32,8,1441.53
13479,168,3,291
13481,39,8,1776.81
13482,192,1,184.64
13483,56,1,140.34
13484,200,1,313.8
13485,193,1,454.24
13486,67,3,1122.41
13487,49,3,575.4
13488,15,17,8910.61
13489,89,4,449.52
13491,44,10,1215.82
13492,116,3,1269.84
13493,229,2,618.63
13494,260,1,316.26
13495,6,6,1990.12
13496,9,3,617.93
13497,235,3,321.05
13499,15,7,1146.96
13500,20,4,1136.77
13501,201,2,1310.47
13502,14,3,292
13503,61,1,216.85
13504,55,1,295.93
13505,58,8,4282.88
13506,261,3,452.82
13507,3,4,2479.16
13508,202,1,110.97
13509,7,7,979.72
13510,1,5,1785.16
13512,216,1,251.21
13513,107,1,205.1
13514,63,1,152.2
13515,62,4,891.12
13516,18,3,1389.41
13517,51,5,2109.07
13518,73,1,659.44
13519,43,2,110.8
13520,50,8,3487.75
13521,1,3,1093.65
13522,26,1,125.8
13523,29,6,3755.38
13524,35,5,680.18
13525,12,2,628.78
13527,29,8,2263.76
13529,67,2,307.76
13531,174,2,483.8
13532,29,1,210.31
13533,155,3,270.79
13534,2,43,5613.08
13536,1,7,3448.29
13538,37,7,1280.85
13539,73,4,605.84
13544,34,2,291.41
13546,11,3,626.99
13548,83,2,682.41
13549,22,8,916.12
13551,267,1,91.8
13552,57,16,3539.53
13555,63,4,4149.28
13557,24,2,584.06
13558,5,4,605.06
13560,6,1,174.37
13561,183,1,141.86
13562,70,3,1799.33
13563,72,2,777.53
13564,123,5,647.74
13565,17,2,240.22
13566,35,2,874.71
13568,148,1,192.85
13569,15,2,373.75
13570,202,1,239.49
13571,11,12,2092.32
13572,174,1,1384.25
13573,43,2,294.4
13575,20,5,732.07
13576,9,20,6703.3
13577,22,5,1658.3
13579,12,2,467.04
13581,258,1,118
13583,132,1,781.03
13584,256,1,142.4
13587,27,3,347
13588,13,13,2445.12
13589,12,2,379.65
13590,10,7,1976.12
13591,55,3,1117.13
13592,30,4,247.96
13593,92,6,1990.28
13594,45,1,396.97
13596,5,2,697.04
13598,41,2,167.42
13599,1,33,5030.6
13600,261,1,219.52
13601,39,2,693.32
13602,55,1,428.89
13603,23,1,164.34
13606,25,3,280.54
13607,35,1,678.01
13610,11,9,1115.43
13611,77,4,1158.2
13614,21,4,1610.46
13615,261,2,399.99
13617,35,3,544.18
13618,148,1,177.34
13621,99,1,213.85
13623,26,7,672.44
13626,209,1,257.23
13627,51,7,1624.02
13629,20,11,7792.36
13630,5,11,1995.68
13631,85,12,3021.77
13632,21,6,2117.02
13634,29,5,1575.16
13635,58,1,1071.03
13636,31,6,941.62
13637,45,3,810.5
13638,13,1,122.64
13639,64,1,1033.34
13642,183,1,354.8
13643,27,3,519.44
13644,7,5,2597.52
13645,102,1,252.1
13647,8,5,1670.22
13649,213,2,346.6
13650,14,7,1809.34
13651,30,2,94.2
13652,39,3,1095.08
13654,37,6,2707.33
13655,97,2,932.97
13656,140,2,379.65
13657,9,2,382.14
13658,8,7,2421.47
13659,167,3,1550.85
13662,73,7,879.08
13663,153,1,189.47
13666,52,3,84.65
13667,127,1,305.02
13668,2,29,6216.07
13669,43,2,218.55
13670,65,1,349.7
13672,251,6,-71.46
13673,16,2,396.92
13675,129,2,486.82
13678,129,1,232.6
13680,1,5,2202.31
13681,15,4,827.83
13682,160,1,59.5
13684,238,2,64.23
13685,2,7,3119.44
13686,155,1,72
13689,54,1,910
13690,51,1,172.25
13692,21,5,1466.87
13693,272,2,-32
13694,3,60,62653.1
13695,27,15,2504.13
13697,33,1,151.3
13699,132,1,308.58
13700,23,10,2265.12
13703,266,1,99.5
13704,5,10,2295.31
13705,6,3,711.86
13706,252,1,330.79
13707,222,2,806.41
13708,226,1,296.88
13709,3,17,6249.11
13710,27,1,180.48
13711,185,2,252.06
13712,204,1,228.84
13715,234,8,1053.94
13716,224,1,138.28
13717,28,7,1432.26
13718,204,2,306.55
13719,13,5,1041.68
13720,99,4,799.9
13721,31,1,524.14
13722,102,4,2369.16
13723,184,1,199.85
13725,42,11,1809.81
13726,33,2,1079.66
13727,24,2,333.48
13728,31,6,1016.14
13730,115,2,752.6
13731,186,2,610.59
13732,24,1,491.86
13735,21,8,2766.18
13736,5,3,724
13737,170,1,339.6
13739,16,1,216.9
13740,199,1,350.75
13741,61,4,666.33
13742,14,14,3102.42
13743,2,8,1340.15
13744,82,2,1156.36
13745,129,2,291.54
13747,314,1,79.6
13748,82,5,948.25
13750,46,5,1647.26
13751,240,1,296.25
13752,106,6,1186.28
13753,239,1,741.26
13754,129,2,282.6
13755,3,10,2154.68
13756,2,15,5145.12
13758,10,7,3190.55
13759,29,2,659.41
13760,47,2,286.79
13761,43,2,1070.65
13762,173,2,-1.42E-14
13763,54,3,1689.46
13764,60,3,1521.76
13767,2,52,16945.71
13769,2,16,2771.87
13771,55,5,2631.7
13772,29,3,1132.13
13774,70,1,345
13777,0,41,25748.35
13778,88,1,178.7
13780,6,2,360.01
13781,208,1,127.84
13782,11,6,912
13784,8,11,2462.79
13786,309,1,230.4
13787,65,2,309.04
13790,4,1,348.8
13791,37,3,1047.68
13792,57,2,195.55
13798,1,63,36351.42
13799,99,2,688.86
13800,258,1,558.32
13801,57,1,324.8
13802,118,6,3906.27
13803,212,1,277.07
13804,26,7,2635.79
13805,45,2,924.6
13806,54,1,256.38
13807,309,1,112.6
13808,5,5,1747.66
13809,255,1,155.05
13810,24,4,899.51
13811,156,4,591.75
13812,36,3,539
13813,34,5,1353.41
13814,48,3,1562.12
13815,19,5,4014.91
13816,20,4,555.04
13817,25,2,382.98
13819,251,3,1140.35
13821,123,2,385.64
13822,5,2,632
13823,16,2,957.66
13824,28,5,1698.94
13826,135,2,174.65
13827,49,3,412.05
13828,19,1,209.49
13829,302,1,-102
13831,14,6,2202.99
13832,15,2,40.95
13833,136,1,384.8
13835,22,4,834.57
13837,179,2,271.24
13838,5,4,691.73
13841,209,1,85
13842,50,9,3385.62
13844,10,1,361.62
13845,55,1,312.98
13846,21,4,847.61
13848,79,3,1255
13849,44,2,1537.95
13850,76,2,1586.81
13851,82,3,2651.46
13853,7,2,1056.94
13854,7,29,8025.02
13856,143,5,363.4
13858,49,1,216.17
13859,273,1,201.16
13860,1,6,1240
13862,16,10,2187.31
13863,203,2,299.56
13865,50,4,501.56
13866,64,1,145.67
13867,27,3,1015.29
13868,6,2,3192.54
13869,105,4,3104.95
13870,2,10,2751.25
13871,19,14,6389.8
13873,101,4,381.7
13874,301,1,540.45
13875,46,5,1786.79
13876,54,1,122.7
13877,74,1,117.24
13878,47,1,1281.53
13880,18,13,3219.77
13881,3,22,16989.52
13882,2,6,1131.28
13883,1,9,2538.75
13884,6,6,781.3
13885,161,2,506.8
13886,61,1,243.56
13887,173,1,349.55
13888,101,2,605.63
13889,79,1,416.9
13890,1,14,1860.86
13892,23,4,632.97
13893,248,1,821.1
13894,19,5,535.97
13895,18,5,2588.12
13897,43,1,311.16
13898,272,1,155.93
13899,14,2,388.52
13900,156,3,740.95
13901,62,5,2867.2
13904,32,2,332.64
13908,68,5,2347.05
13911,49,9,2580.91
13914,3,3,613.95
13917,42,2,272.04
13918,42,2,1212.84
13919,46,3,350.16
13922,295,1,172.25
13923,46,1,351.13
13924,1,11,1682.08
13925,31,6,616.65
13926,20,1,223.85
13927,64,1,348.99
13928,9,4,464.57
13929,144,3,802.85
13930,49,2,337.34
13931,73,3,1230.93
13932,245,1,307.4
13933,93,2,608.79
13934,219,1,922.1
13936,146,2,361.28
13937,144,1,158.85
13938,30,1,71.66
13939,20,4,556.75
13940,15,4,839.14
13941,18,7,4912.41
13946,68,3,561.57
13947,56,1,90.6
13948,303,1,102
13949,2,6,2427.32
13950,10,5,728.56
13951,150,3,674.45
13952,179,3,3246.091
13953,6,7,3515.68
13954,1,3,378.59
13955,131,2,322.96
13956,5,5,1026.42
13958,313,1,-102.45
13959,68,3,598.2
13960,18,2,230.22
13962,18,2,169.55
13963,257,4,664.54
13967,124,1,80.7
13969,6,20,8986.69
13971,7,11,2702.22
13972,60,2,190.25
13973,239,1,264.7
13974,42,1,413.59
13975,27,7,2503.23
13976,175,1,357.98
13978,12,2,196.79
13979,63,1,869.87
13980,52,1,200.14
13982,34,5,1861.11
13983,25,13,2590.46
13984,23,6,488.03
13985,4,16,7024.53
13986,15,1,320.46
13988,17,9,4098.8
13989,56,2,1266.08
13990,181,1,311.3
13991,11,7,850.63
13992,26,1,76.8
13993,28,12,3409.66
13994,3,6,2313.14
13995,13,6,1383.49
13999,9,15,3865.26
14000,175,2,633.71
14001,39,4,2030.33
14002,114,2,529.73
14004,37,7,4582.64
14005,8,5,2874.72
14006,98,3,962.19
14009,168,3,685.93
14012,231,1,328.8
14013,94,3,473.02
14014,66,1,505.18
14015,45,1,917.34
14016,131,5,4328.46
14019,40,4,1398.96
14020,14,2,642.8
14021,132,3,631.9
14022,189,1,440
14023,6,2,584.07
14024,103,2,327.7
14027,52,1,104.82
14029,54,2,467.66
14030,16,8,2360.09
14031,6,23,14634.64
14032,2,18,2929.84
14034,19,4,512.02
14035,24,5,1428.02
14036,237,1,626.65
14037,150,2,147.2
14038,67,4,1554.48
14039,29,1,152.2
14040,35,15,3542.19
14041,221,1,141.41
14044,23,4,652.82
14045,93,4,1659.75
14046,237,1,154.99
14047,7,7,1290.01
14048,231,2,375.13
14049,14,6,5639.15
14050,27,2,746.36
14051,0,26,15477.34
14052,17,1,225.36
14053,106,2,260.25
14054,56,1,92.46
14055,90,1,725.64
14056,1,29,8124.4
14057,20,18,6147.4
14059,221,1,183.6
14060,4,20,6135.38
14062,8,12,10464.85
14064,25,7,1188.32
14066,221,1,152.55
14067,54,2,374.7
14068,268,1,265.85
14071,3,9,1307.41
14073,18,2,139.54
14075,4,3,942.26
14076,110,1,122.47
14077,35,5,499.42
14078,87,6,1049.37
14079,106,1,375.1
14080,28,1,45.6
14081,222,4,904.67
14082,306,1,182.25
14083,4,9,1018.43
14085,2,19,4435.79
14087,2,2,181.67
14088,9,14,50415.49
14089,48,1,161
14090,271,1,76.32
14092,6,17,4063.1
14093,11,1,442.85
14096,4,34,57120.91
14098,31,1,147.35
14099,14,12,3092.97
14100,117,1,194.9
14101,63,6,5976.79
14102,5,8,1314.73
14104,131,2,216.21
14105,73,2,1260.33
14107,44,8,2688.48
14108,26,3,594.16
14109,20,2,80.2
14110,3,13,5669.65
14111,12,5,688.6
14112,19,12,2774.17
14113,3,8,1377.92
14114,227,2,386.53
14116,17,5,1382.74
14117,122,1,90
14119,298,1,-19.9
14121,3,6,2740.3
14124,72,1,419.58
14125,9,3,2740.43
14126,6,4,643.63
14127,104,3,709.71
14128,52,2,637.5
14129,1,5,1123.86
14130,267,1,483.86
14132,2,12,3580.13
14133,110,5,590.34
14135,1,15,4690.31
14138,1,2,982.38
14139,40,1,415.82
14140,3,3,920.05
14141,2,6,879.03
14142,314,1,311.81
14143,113,1,115.8
14145,40,5,3148.2
14146,7,6,2949.57
14147,42,3,468.4
14148,193,1,157.2
14149,180,3,259.43
14150,30,2,658.64
14152,65,3,611.09
14154,198,2,1345.62
14155,221,1,118.75
14156,8,66,113384.14
14157,17,3,400.43
14158,35,1,507.66
14159,17,14,4678.3
14161,183,3,1110.52
14162,148,2,289.36
14163,75,4,2445.91
14164,60,2,1631.77
14165,229,1,122.54
14167,34,4,574.84
14171,84,1,363.79
14173,9,4,450.84
14174,29,1,134.46
14175,44,7,3108.06
14176,248,5,574
14177,72,5,554.46
14178,7,7,1620.93
14179,35,2,719.78
14180,9,31,4640.77
14184,57,1,452.89
14185,277,1,197.65
14188,7,10,2018.91
14189,2,24,4604.31
14191,1,14,4660.01
14193,58,2,853.39
14194,4,32,11216.75
14195,171,3,962.7
14196,90,1,335.52
14198,4,7,663.5
14199,185,1,185.4
14201,52,9,688.04
14204,2,1,161.03
14205,9,4,218.78
14206,198,2,308.26
14208,81,1,151.74
14209,9,7,2067.13
14210,78,7,1900.89
14211,46,13,2208.3
14212,77,1,1070.48
14213,312,1,-1192.2
14214,26,7,1000.23
14215,10,7,1777.92
14216,3,4,1839.3
14217,1,24,1925.36
14218,36,1,169.48
14219,4,1,89.94
14220,205,2,632.4
14221,36,10,3427.85
14222,151,1,683.17
14223,79,4,975.23
14224,94,4,1050.12
14226,24,7,2201.64
14227,23,15,3315.71
14229,44,5,1450.6
14231,153,5,822.06
14232,27,8,2043.93
14233,37,5,1447.51
14234,19,4,775.46
14235,9,6,3093.86
14236,69,2,490.86
14237,314,1,161
14238,273,1,146.85
14239,37,13,2323.5
14240,26,2,890.34
14241,156,1,213.7
14242,194,2,280.55
14243,7,14,2535.88
14245,150,5,1677.48
14246,94,3,1474.06
14247,232,1,136.77
14248,266,1,302.58
14250,6,3,1904.05
14251,1,5,2879.7
14256,211,3,935.06
14257,44,6,3087.27
14258,8,10,12650.08
14259,120,1,120
14261,43,2,1163.45
14262,7,8,2618.23
14264,131,3,319.47
14265,93,2,530.18
14267,128,7,1279.09
14270,277,1,492.65
14271,189,1,112.32
14272,63,2,437.96
14273,44,4,559.97
14276,76,5,1019.39
14277,13,4,3957
14280,166,1,134.04
14282,3,15,3729.34
14284,26,3,578.45
14285,18,4,1910.01
14286,20,5,4595.81
14287,7,4,151.23
14288,180,2,413.85
14289,7,6,911.26
14290,10,6,2307.45
14291,1,12,3873.3
14292,6,14,4819.33
14293,3,4,1046.56
14295,35,2,154.7
14297,15,6,1284.06
14298,3,45,50862.44
14299,7,18,2855.35
14300,16,1,43.2
14301,91,2,632.04
14304,188,2,197.1
14305,61,5,1803.76
14306,44,3,2083.42
14307,76,6,2995.72
14309,7,10,2319.68
14311,189,2,229.71
14312,40,6,1611.59
14314,90,1,120
14315,18,7,2456.98
14317,55,1,508.58
14320,175,3,343.11
14321,9,5,1530.75
14323,97,4,574.26
14326,194,2,166.85
14327,139,1,311.65
14329,7,14,4928.74
14331,106,2,462.66
14332,19,3,866.31
14333,55,2,351.45
14334,14,9,2539.46
14335,14,2,468.26
14336,14,4,1614.91
14338,135,4,554.22
14339,194,4,289.91
14340,185,1,134.7
14341,39,9,2166.38
14342,18,6,607.71
14344,108,8,889.93
14345,33,1,108.98
14346,102,2,1021.58
14348,216,1,409.57
14349,9,1,133.5
14350,225,2,258.7
14351,140,1,51
14352,134,4,1078.96
14353,183,1,90.6
14354,5,2,163.62
14355,307,1,174.4
14356,52,4,666.94
14357,37,1,225.77
14359,17,6,882.58
14360,27,4,2128.23
14362,19,1,161.2
14364,92,8,3717.35
14367,7,19,9167.82
14368,267,1,155
14371,246,1,100.5
14373,301,1,76.55
14375,158,1,257.68
14377,163,2,617.05
14379,38,2,348.1
14381,45,1,202.68
14382,23,1,626.07
14383,33,3,1247.69
14385,8,3,202.11
14386,247,1,142.4
14387,28,3,1770.56
14388,7,10,3172.04
14389,7,5,999.72
14390,9,13,4592.47
14393,185,1,67.95
14395,2,12,3471.91
14396,56,2,487.99
14397,0,23,2556.68
14400,120,2,559.7
14401,4,14,4039.98
14403,111,5,1426.31
14404,29,7,1434.72
14406,101,1,156.75
14407,91,9,2111.08
14408,9,7,2606.53
14409,61,7,1908.25
14410,13,15,576.3
14411,259,1,1063
14412,30,3,761.33
14413,305,1,122.7
14414,78,8,1485.13
14415,1,18,5811.56
14416,19,2,490.22
14418,3,3,1937.25
14419,9,6,1058.06
14420,73,2,385.87
14421,49,2,813.11
14422,0,6,4263.64
14423,185,1,265.2
14424,15,1,322.08
14426,16,16,3918.9
14427,43,2,363.34
14428,6,7,1230.14
14431,249,2,397.76
14432,8,6,2255.51
14434,18,6,1372.8
14436,84,1,89.06
14437,122,2,-43.4
14438,256,1,131.9
14439,267,1,2661.24
14440,7,5,2357.68
14441,0,10,1545.14
14442,1,5,1544.62
14443,46,7,1400.88
14446,0,4,1039.58
14447,16,5,1163.23
14448,8,2,375.35
14449,16,4,907.1
14450,154,3,483.25
14451,52,2,662.59
14452,9,2,264.44
14453,162,1,119.93
14456,5,14,3047.63
14457,259,1,113.64
14459,132,1,1837.92
14460,94,4,383.34
14461,126,3,2103.06
14462,54,15,1965.9
14463,84,3,529.62
14465,204,3,1058.62
14466,25,7,2272.4
14467,15,4,598.76
14470,10,2,461.19
14472,88,8,1936.84
14473,64,2,234.34
14474,37,2,537.71
14475,61,6,799.82
14476,214,1,215.7
14477,17,5,1307.81
14479,210,2,316.25
14480,10,1,279.05
14481,140,2,636.51
14482,16,6,2068.15
14483,127,2,129.2
14484,43,1,321.92
14485,33,1,165.75
14487,23,7,1183.58
14488,44,2,1047.43
14489,176,1,463.38
14491,149,2,340.93
14493,6,7,2362.84
14494,22,1,139.56
14495,43,2,123.8
14496,260,2,538.81
14497,251,2,457.47
14498,36,5,1957.32
14499,23,3,815.32
14500,76,3,356.85
14501,55,3,190.31
14502,17,14,2351.02
14503,3,6,3543.26
14504,41,4,673.26
14505,15,11,5818.7
14506,15,5,2012.17
14507,20,7,1368.18
14508,19,2,276.42
14511,10,6,1267.41
14512,160,2,275.28
14513,86,4,438.49
14514,53,3,1055.35
14515,15,6,2102.09
14517,29,2,330.45
14518,55,1,174.37
14520,1,2,270.6
14522,21,4,974.54
14523,92,1,241.09
14524,27,9,1867.68
14525,7,13,4221.37
14527,2,86,7711.38
14528,32,1,364.22
14529,52,3,620.04
14530,22,6,2925.91
14532,196,4,932.85
14533,21,9,1812.62
14534,2,25,4075.35
14535,51,4,2841.09
14536,215,1,171.8
14537,49,1,355.56
14538,55,2,388.25
14539,13,2,537.48
14540,8,3,996.26
14541,50,8,1461.65
14542,158,1,103.25
14543,3,21,2916.17
14544,21,2,2024.45
14546,4,9,2487.02
14547,3,9,3986.74
14548,128,2,652.8
14549,260,1,289.24
14550,9,2,765.62
14551,16,2,186.23
14552,129,1,165.07
14553,17,5,859.27
14554,9,4,2381.04
14555,49,2,324.14
14557,55,2,1.56E-13
14560,6,24,2174.18
14561,65,3,1080.76
14562,3,22,4709.22
14565,82,6,3073.77
14566,94,1,1432
14567,30,3,1524.46
14569,1,1,227.39
14570,233,2,218.06
14572,3,10,2803.69
14573,153,13,1603.72
14576,313,1,35.4
14577,11,4,859.71
14578,3,1,168.63
14581,14,1,138.6
14582,35,1,114.11
14583,5,5,1052.55
14584,144,5,1029.26
14585,43,1,157.05
14586,191,3,134.16
14587,16,10,1598.24
14589,312,1,39.75
14591,13,4,1447.14
14592,30,3,570.46
14593,18,3,617.99
14594,6,2,379.83
14595,17,6,1740.6
14597,10,2,883.15
14598,38,1,221.97
14600,255,1,393.33
14601,9,1,213.96
14603,228,1,660
14606,1,128,11713.85
14607,13,17,11341.1
14608,4,4,1785.15
14609,62,4,601.56
14616,201,3,406.08
14618,8,4,538.59
14619,198,2,379.51
14620,173,3,393.28
14621,1,6,1765.76
14622,157,1,320.58
14623,28,6,869.35
14624,49,2,225.85
14625,158,5,848.48
14626,7,7,2757.07
14627,260,1,-21.85
14628,78,2,671.96
14629,4,3,939.21
14631,43,3,1006.98
14632,218,1,114.56
14633,221,1,344.9
14636,31,2,609.85
14638,43,1,443.6
14639,45,8,2952.34
14640,13,8,2042.15
14641,18,1,110.46
14642,50,1,96.12
14643,145,3,668.61
14644,8,4,780.46
14645,133,2,597.09
14646,1,77,279489.02
14647,171,1,243.22
14649,4,4,1417.29
14651,58,2,654.6
14652,66,1,114.18
14653,1,7,1947.55
14655,3,5,1930.15
14656,144,2,291.05
14657,15,5,838.27
14658,5,2,247.15
14659,7,12,2456.53
14660,74,2,285.74
14661,23,1,107.95
14662,24,4,771.17
14664,17,2,637.89
14665,52,7,1258.38
14666,21,1,195.25
14667,9,27,9231.2
14669,200,3,1269.99
14670,233,2,411.53
14672,194,2,765.55
14673,3,5,1736.4
14675,14,1,604.75
14676,27,8,2543.24
14679,312,1,-2.55
14680,22,23,26932.34
14681,61,3,498.95
14682,160,2,52
14684,22,5,1236.28
14687,90,1,628.38
14688,6,27,5107.38
14689,177,1,112.8
14690,38,3,358.61
14691,26,5,2114.33
14692,117,5,582.05
14693,220,1,172.9
14696,4,9,2070.97
14697,185,2,188.61
14698,1,5,1250.76
14699,182,1,109.13
14700,28,3,2235.3
14701,9,12,2486.22
14702,1,18,3250.64
14703,12,1,318.17
14704,10,9,1546.91
14705,168,1,179
14708,2,4,1096.67
14709,13,14,4911.14
14710,12,4,606.13
14711,9,12,2838.2
14712,25,3,917.07
14713,8,12,2664.26
14714,21,1,160.19
14715,21,4,867.38
14716,37,2,329.68
14719,1,6,1592.18
14720,5,3,663.81
14722,125,1,187.92
14723,9,6,1158.3
14725,21,1,718.08
14727,228,1,268.58
14729,314,1,313.49
14730,1,8,2005.06
14731,41,3,380.02
14732,7,10,2686.34
14733,8,15,9451.54
14735,3,34,5807.69
14737,3,3,1164.55
14738,34,9,1289.94
14739,2,8,3899.1
14740,163,4,1423.21
14741,10,6,1400.34
14744,14,9,1088.53
14745,95,6,1167.16
14747,205,2,294.3
14748,25,6,1311.79
14752,37,1,389.64
14753,75,1,563.15
14754,38,2,638.05
14755,8,12,4965.38
14756,13,1,738.96
14757,65,1,420.5
14758,123,4,1484.06
14759,4,3,1625.97
14760,245,2,53.8
14761,50,2,255.9
14762,219,1,300.52
14764,37,2,250.55
14765,25,3,254.11
14766,7,8,2423.07
14768,15,3,139.5
14769,2,10,10641.6
14770,192,2,876.42
14772,95,1,139.26
14775,50,3,1011.9
14776,44,13,2195.58
14777,4,2,-17.45
14778,108,2,730.86
14779,233,3,386.15
14780,47,2,447.68
14782,267,1,200.1
14784,23,2,289.99
14785,9,2,77.4
14788,6,2,679.44
14789,24,1,197.64
14790,14,4,745.06
14792,54,2,-2.22E-16
14793,4,2,214.14
14794,2,9,1272.11
14795,142,1,131.45
14796,1,27,7839.51
14798,45,3,173.74
14799,44,1,157.7
14800,41,16,4236.34
14801,53,1,193.14
14803,138,3,845.55
14804,7,1,353.27
14805,13,4,554.65
14806,65,1,193.39
14808,34,15,2175.37
14810,35,11,2087.88
14813,311,2,155.43
14815,31,2,778.5
14816,167,1,271.85
14817,170,2,1110.34
14818,63,3,657.8
14819,55,2,272.07
14820,18,4,507.29
14821,308,1,48.8
14823,154,3,321.43
14824,9,4,1127.71
14825,3,12,2226.91
14828,166,3,2139.76
14829,25,6,644.65
14830,46,1,197.13
14834,15,8,1698.35
14836,9,3,102.45
14837,77,5,1641.2
14840,222,1,62.85
14841,46,6,3295.76
14842,30,8,2456.8
14844,54,4,3189.81
14847,126,1,309.4
14849,18,28,7904.28
14850,260,2,278.15
14851,20,2,511.35
14852,50,6,2836.69
14853,7,3,463.05
14854,67,8,2749.89
14855,101,2,645.65
14856,31,3,1311.38
14857,51,3,1165.65
14859,11,5,1352.04
14860,7,2,168.62
14861,45,1,125.79
14862,22,2,841.2
14863,25,1,266.76
14865,6,2,52.2
14866,9,13,14197.45
14867,158,4,701.33
14868,3,9,2939.64
14869,3,3,721.95
14870,217,1,327.25
14871,3,4,522.38
14873,178,1,519.68
14875,8,5,1448.72
14878,11,9,1485.54
14880,66,3,706.19
14881,17,1,255.4
14882,23,2,589.7
14883,16,7,756.64
14885,112,1,765.32
14886,209,1,364.8
14887,68,1,1862
14888,176,1,369.2
14889,281,1,135.9
14890,210,1,125.65
14891,126,2,554.38
14893,8,2,1237.85
14894,73,1,655.75
14895,6,24,11020.26
14896,173,2,468.77
14897,6,4,1366.38
14898,20,8,1228.32
14901,10,10,1414.99
14902,18,2,314.11
14903,18,10,2744.48
14904,2,2,1025.44
14905,131,3,599.9
14907,3,10,3478.85
14908,64,1,277.8
14910,2,7,389.86
14911,1,248,132572.62
14912,14,3,841.52
14913,30,4,1227.43
14915,73,3,258.83
14916,60,5,1264.84
14918,98,2,1610.15
14920,180,2,977.77
14921,26,2,1316.07
14923,43,1,749.1
14924,203,1,310.05
14929,28,1,223.88
14930,92,3,2372.86
14931,4,6,964.68
14932,307,1,363.53
14934,62,3,1888.84
14935,248,1,1784.71
14936,8,9,8117.42
14937,48,4,1617.63
14944,25,14,5842.95
14946,12,1,100.9
14947,62,2,290.82
14948,20,7,1066.57
14950,7,2,361.25
14951,68,1,311.69
14952,40,15,7912.79
14953,22,1,289.82
14954,11,1,336.17
14957,210,1,58.49
14958,125,3,499.68
14959,51,5,684.97
14960,7,2,221.27
14961,9,12,7006.58
14962,225,1,126.7
14963,8,5,1487.8
14964,205,1,206.21
14965,83,2,599
14966,12,1,191.32
14967,42,1,463.8
14968,26,1,147.59
14970,59,4,1592.06
14971,30,3,1116.57
14972,109,1,114.77
14973,91,3,1314.45
14974,32,1,114.39
14975,49,1,279.94
14976,49,8,765.86
14978,62,5,1931.42
14981,204,1,102.12
14984,17,2,213.27
14985,168,2,296.75
14987,13,2,326.4
14988,179,1,334.54
14995,33,2,233.23
14997,40,4,540.98
14998,145,2,429.87
15000,41,1,490.52
15002,98,4,1641.76
15004,125,1,1246.32
15005,13,35,6180.49
15006,44,1,502.09
15007,136,1,156.91
15009,11,3,1261.78
15010,30,1,308.94
15012,46,2,423.04
15014,37,2,260.17
15016,147,1,170.04
15017,29,1,125.58
15018,33,4,456.26
15019,221,1,266
15021,7,13,1872.28
15022,10,4,905.04
15023,3,12,6763.16
15024,8,10,1661.33
15025,29,1,377.01
15026,69,3,469
15027,26,6,1051.95
15028,7,4,627.13
15030,61,2,518.28
15031,4,4,668.14
15032,213,5,4464.1
15033,4,11,2571.02
15034,13,11,4277.66
15035,77,1,252.73
15036,62,3,465.55
15038,37,7,665.59
15039,8,52,19786.44
15041,145,1,180.35
15042,169,1,135.93
15043,27,1,537
15044,17,22,7629.38
15045,129,3,633.66
15046,8,16,5064.01
15047,224,1,343.62
15048,56,5,380.57
15049,227,1,121.17
15050,22,5,1727.17
15051,20,3,1391.61
15052,267,1,215.78
15053,4,3,697.79
15054,11,2,302.1
15057,229,2,1489.5
15058,22,11,2124.99
15059,35,11,1325.82
15060,7,4,303.09
15061,3,55,54228.74
15062,61,4,987.86
15063,181,1,370.8
15065,32,6,3135.98
15066,27,2,760.59
15067,67,3,1744.76
15068,40,2,553.36
15069,153,1,1109.53
15070,313,1,106.2
15071,80,2,982.07
15073,8,4,612.43
15074,89,1,748.87
15075,66,1,773.03
15076,147,1,880.85
15078,6,38,9623.35
15079,180,5,893.66
15081,19,6,487.35
15083,213,1,88.2
15087,234,1,306.94
15088,18,3,1140.27
15089,9,6,2420.84
15090,257,1,381.32
15091,46,2,476.96
15092,183,2,457.81
15093,16,9,4410.14
15095,88,5,1364.7
15096,36,1,219.39
15097,4,1,248.08
15098,155,5,649.5
15099,72,1,410.48
15100,276,6,635.1
15101,7,3,310.03
15103,27,2,703.36
15104,142,3,1002.54
15105,16,7,2298.93
15106,15,7,1407.73
15107,260,8,247.66
15108,120,5,1291.75
15109,199,2,463.75
15110,20,7,970.25
15111,25,3,1567.48
15113,8,4,3439.41
15114,26,10,2760.56
15115,16,1,340.11
15116,15,4,1352.75
15117,12,6,1550.13
15118,114,1,244.8
15119,203,1,266.4
15120,110,2,343.82
15121,43,2,457.72
15122,73,6,1612.13
15123,6,2,2199.31
15124,19,2,184.19
15125,22,23,11117.05
15127,56,1,406.53
15128,52,8,1419.54
15129,43,11,3447.4
15130,144,1,330.11
15132,16,5,977.93
15133,108,3,982.42
15134,12,8,1387.99
15135,193,2,127.15
15136,2,5,1282.45
15139,198,2,178.96
15140,45,8,2350
15142,40,1,498.74
15143,189,1,259.45
15144,7,18,6530.04
15145,4,4,1194.73
15146,140,3,1313.66
15147,185,2,608.65
15148,9,1,301.29
15149,113,1,520.8
15150,15,11,5303.97
15152,8,16,4684.24
15153,27,1,329.25
15154,64,2,240.27
15156,1,3,961.49
15157,3,5,1869.5
15158,39,1,401.4
15159,1,34,18573.68
15160,300,1,158.16
15163,16,2,304.47
15164,59,3,843.05
15165,314,1,487.75
15167,268,1,163
15168,22,1,106.56
15171,271,2,1034.5
15172,7,5,1624.05
15174,269,1,135.75
15175,61,1,224.14
15178,216,1,40.5
15179,16,7,2186.2
15180,309,1,87.5
15181,57,5,680.28
15182,131,2,622.85
15184,25,2,406.76
15185,60,1,310.62
15186,12,2,411.41
15187,1,18,4670.08
15189,1,53,15802.14
15192,101,3,1044.32
15193,52,1,499.32
15194,3,22,7521.17
15195,2,1,3861
15197,7,5,656.44
15198,79,2,193.64
15199,51,4,1268.7
15201,67,11,927.84
15203,22,6,1827.8
15204,300,1,316.58
15205,73,3,648.83
15206,9,4,420.3
15208,1,6,867.62
15210,189,1,331.18
15211,52,2,894.41
15212,198,2,88.95
15213,266,3,325.05
15214,1,8,1661.44
15215,38,6,615.99
15216,75,1,96.6
15218,9,11,5756.89
15219,150,1,305.75
15220,44,7,1758.92
15221,308,2,114.1
15222,266,1,585
15223,189,3,454.9
15224,301,3,310.48
15225,194,1,409.4
15226,259,1,154.41
15227,31,5,1219.4
15228,57,5,3376.96
15230,198,2,429.6
15232,96,2,612.06
15234,230,1,197
15235,184,12,2247.51
15236,249,1,321.05
15237,1,4,1412.32
15238,25,5,1056.54
15239,9,3,764.34
15240,38,7,1685.57
15241,57,9,1738.59
15243,64,1,316.68
15244,56,2,631.57
15245,114,3,2515.84
15246,197,2,514.15
15247,104,1,356
15249,27,15,6657.36
15251,8,15,10327.11
15252,31,2,740.78
15253,14,6,915.3
15254,108,1,300.36
15255,57,1,890.85
15256,126,1,98.45
15257,234,2,232.15
15258,143,2,623.16
15260,86,8,1780.77
15261,115,1,254.82
15262,270,1,178.95
15263,90,1,156.51
15264,55,1,393.74
15265,129,2,1506.12
15266,283,1,119.3
15267,19,5,1717.36
15269,20,1,408.8
15270,13,9,2298.2
15271,6,16,2485.82
15272,49,2,721.94
15274,4,2,716.57
15275,27,2,609.19
15276,57,1,135.31
15277,40,1,255.9
15279,298,2,277.41
15280,147,1,113.12
15281,50,12,2239.95
15286,42,1,240.55
15287,19,3,485.24
15288,37,5,2306.52
15289,25,4,935.1
15290,4,21,7803.77
15291,22,20,4596.51
15292,171,1,180.94
15296,38,10,3610.31
15297,9,4,635.04
15298,2,14,3774.1
15299,58,11,3787.09
15300,55,1,496.44
15301,43,14,5028.12
15303,242,1,574.02
15304,52,10,680.3
15306,55,3,1174.35
15307,82,1,205.3
15308,225,2,302.27
15311,0,118,59419.34
15312,65,5,921.1
15313,94,1,52
15314,169,1,327.97
15315,55,3,551.54
15316,273,1,165
15318,3,1,312.62
15319,236,1,204.5
15320,38,1,267.13
15321,42,4,2650.73
15322,55,2,602.97
15325,88,1,162.29
15326,279,1,311.71
15327,45,1,208.75
15329,30,5,1005.5
15330,28,2,714.96
15332,308,4,1661.06
15333,177,1,1028.56
15334,133,3,351.67
15335,46,1,173.97
15339,57,3,557.57
15341,69,1,2020.52
15342,99,2,391.76
15343,75,1,364.5
15344,0,5,476.58
15345,30,2,367.69
15346,278,1,252.42
15347,308,1,201.6
15348,62,1,158.04
15349,135,2,473.81
15350,314,1,115.65
15351,11,10,1862.14
15353,211,2,777.02
15355,25,2,277.05
15356,27,10,2766.5
15358,4,29,8234.8
15360,34,1,427.93
15361,304,1,418.92
15363,200,2,318.05
15364,82,2,913.19
15365,22,9,1330.45
15366,65,2,602.51
15367,49,5,1867.69
15368,18,1,446.94
15369,123,1,-1592.49
15370,35,8,2360.55
15372,117,1,2007.4
15373,7,13,2213.11
15374,109,1,168
15376,35,3,1233.36
15379,144,8,3631.89
15380,7,6,1682.36
15381,181,2,596.85
15382,12,8,5927.86
15384,144,3,635.76
15385,35,1,316.88
15386,159,1,394.14
15388,225,1,140.54
15389,147,1,500
15392,4,5,1515.73
15393,14,2,231.86
15394,8,4,2183.54
15395,272,1,107.45
15396,95,1,288.18
15397,241,1,94
15398,14,3,1339.63
15399,1,3,815.77
15400,79,6,666.7
15402,126,2,626.77
15405,161,1,349.1
15406,16,4,426.61
15407,29,4,1056.44
15408,220,1,267.18
15410,72,8,3450.84
15411,23,5,1346.38
15412,146,1,190.53
15414,8,3,774.9
15415,262,1,572.81
15416,55,5,3974.37
15417,73,1,508.8
15419,21,1,135.86
15421,50,4,950.36
15422,270,2,97.7
15423,33,1,43.5
15424,211,2,383.34
15426,17,7,1429.9
15427,29,3,1483.14
15428,13,1,93.78
15429,23,3,364.9
15432,20,1,171.19
15433,68,3,417.87
15434,7,6,997.48
15435,19,1,149.29
15436,11,3,1122.53
15437,218,1,200.16
15438,112,1,156.58
15440,47,3,383.68
15442,206,1,594
15443,1,8,3212.16
15444,8,2,1418.26
15445,220,1,113.5
15447,276,1,155.17
15448,261,1,494.64
15449,23,5,971.22
15450,26,1,429.84
15452,25,3,538.73
15453,1,7,1388.37
15454,305,1,179.1
15456,236,3,447.22
15457,218,1,237.07
15458,22,1,161.64
15460,298,1,216.76
15462,81,3,234.6
15463,25,1,126.14
15464,283,1,1048.85
15465,17,24,6945.02
15466,73,1,334.53
15467,8,4,511.88
15468,30,5,438.46
15469,37,4,504.5
15471,2,1,469.48
15472,96,1,371.56
15473,12,10,1465.2
15475,66,1,454.11
15478,35,2,1441.42
15480,99,1,905.5
15482,13,16,6568.72
15483,137,4,233.81
15484,1,5,3563.11
15485,26,3,2575
15488,79,1,91.32
15489,19,4,1090.03
15491,82,7,3090.85
15492,24,2,659.46
15493,28,7,1967.25
15494,18,2,1299.23
15497,15,3,1259.7
15498,0,35,12396.46
15500,7,4,1131.56
15502,13,23,5541.46
15503,305,1,147.09
15504,70,1,52.83
15505,45,7,3497.14
15506,19,3,979.26
15507,146,1,492.36
15508,161,6,1000.27
15510,276,1,250
15511,10,5,909.23
15512,132,2,121
15513,27,22,14520.08
15514,11,13,2963.19
15516,38,3,62.43
15517,193,1,267.03
15518,55,13,1911.89
15520,1,1,343.5
15521,31,13,2574.65
15522,28,2,398.84
15523,72,1,412.01
15524,21,1,440
15525,2,4,811.02
15526,29,2,148.44
15527,16,10,2348.82
15528,211,1,229.33
15529,19,12,3967.78
15530,18,4,1502.35
15531,7,2,2007.44
15532,22,6,1517.08
15533,17,5,746.92
15535,148,7,459.9
15537,139,1,110.92
15539,6,1,538.46
15540,10,1,213.3
15541,97,1,85.13
15543,240,1,127.86
15544,7,11,3542.51
15545,47,2,292.72
15547,6,14,4954.84
15549,66,4,1655.76
15550,4,4,575.63
15551,31,1,436.06
15552,184,1,90.12
15553,52,1,437.23
15554,231,1,217.2
15555,11,20,4758.2
15556,21,1,279.77
15557,24,1,473.65
15561,10,5,722.74
15562,295,1,134.55
15563,7,7,1319.69
15565,43,2,173.16
15567,16,1,186.01
15568,2,3,758.29
15569,88,5,1375.71
15570,6,13,4109.97
15571,10,4,650.43
15572,4,7,2552.86
15573,27,2,607.45
15574,151,4,702.25
15576,32,1,940.67
15577,129,3,258.88
15578,138,1,127.1
15579,59,2,348.6
15581,102,14,3429.97
15582,21,3,682.91
15584,20,5,722.61
15585,150,1,455.3
15587,43,4,913.68
15589,209,4,456.58
15590,241,1,-30.19
15592,40,1,388.58
15593,60,1,199.8
15594,13,6,1767.53
15596,86,9,1343.34
15597,25,2,315.72
15598,30,3,235.68
15599,23,2,761.74
15601,10,17,6745.36
15602,7,15,1083.63
15603,67,1,48.48
15604,45,1,216.39
15605,31,5,1198.23
15606,49,11,2422.64
15607,281,1,104.76
15608,24,4,1093.68
15609,155,2,270.03
15610,44,1,112.46
15611,8,15,1568.39
15612,31,2,195.15
15615,9,27,10360.04
15618,28,5,747.031
15619,9,1,336.4
15620,43,6,1524.4
15621,4,6,1158.77
15622,3,16,3224.53
15623,120,1,301.03
15624,99,4,588.13
15625,86,8,1504.56
15626,64,2,675.8
15628,4,10,2865.64
15630,39,3,1180.4
15632,13,10,3147.31
15634,15,1,243.55
15636,77,2,724.76
15637,45,1,223.36
15638,251,1,-94
15639,114,1,425.32
15640,4,17,12433.34
15641,89,4,1887.2
15643,153,6,647.4
15644,142,4,813
15645,16,1,612.01
15646,134,4,425.14
15648,173,4,599.9
15649,281,2,816
15651,31,3,646.3
15652,78,1,337.74
15653,79,2,877.44
15654,8,2,922.53
15655,193,2,511.32
15656,39,4,748.5
15657,19,1,30
15658,162,8,958.9
15659,37,1,306.45
15660,22,12,1552.01
15661,265,2,309.8
15663,90,1,138.14
15664,43,2,358.63
15665,143,2,2242.01
15667,34,1,301.32
15668,184,1,76.32
15669,35,5,677.69
15670,247,1,173.05
15671,16,10,2635.49
15673,76,4,2881.02
15674,63,8,1744.02
15675,70,3,323.69
15676,8,5,3324.09
15677,42,1,657.23
15678,45,1,352.7
15679,21,4,781.28
15680,8,3,1333.68
15681,16,6,946.36
15683,100,1,193.75
15687,7,11,2981.5
15689,101,2,254.1
15690,4,2,239.76
15691,209,1,136.8
15692,24,1,191.04
15694,0,15,6423.6
15695,221,2,409.98
15696,29,12,2644.46
15699,15,1,309.65
15700,147,3,664.03
15701,2,4,1542.14
15703,220,1,211.5
15704,119,4,2293.62
15705,171,1,143.1
15706,51,7,1001.81
15707,30,4,945.58
15708,35,11,3329.72
15709,236,1,133.25
15712,8,5,1072.36
15713,122,3,346.75
15714,10,2,330.88
15716,124,4,1118.81
15717,194,1,150.3
15719,28,14,5043.96
15720,21,1,598.73
15721,10,1,507.08
15722,30,6,2181.21
15723,306,1,203.1
15724,171,3,212.3
15725,13,1,415.25
15727,14,7,5178.96
15728,42,1,-134.8
15729,168,2,62
15730,56,4,1108.38
15732,180,2,294.12
15733,235,1,162.3
15734,97,2,1339.45
15737,12,12,1121.21
15738,16,19,4788.77
15739,57,1,449.12
15740,42,1,154.88
15743,14,4,784.46
15744,66,1,34.8
15745,7,6,1071.24
15746,114,2,182.96
15747,11,3,974.04
15748,35,1,149.31
15749,195,4,21535.9
15750,2,9,2451.23
15752,34,8,2628.93
15753,254,1,79.2
15754,43,4,455.67
15755,1,8,2318.88
15756,53,4,532.96
15757,56,2,714.42
15758,21,1,205.25
15759,185,3,253.04
15762,56,2,583.75
15763,27,3,1048.67
15764,70,10,3245.47
15766,55,1,315.06
15768,98,4,581.83
15769,6,29,51823.72
15773,5,1,635.68
15774,59,1,270.8
15775,203,1,104.9
15776,113,1,241.62
15777,200,5,1021.61
15780,156,3,475.28
15781,22,4,333.56
15782,8,4,2593.94
15783,9,1,246.3
15785,25,8,2303.75
15786,37,5,4834.2
15787,23,3,948.05
15789,301,1,351.3
15790,9,1,220.85
15791,37,3,1604.44
15793,8,4,948.96
15795,127,1,610.01
15796,1,10,2666.61
15797,96,4,2207.4
15799,65,3,884.14
15800,91,2,699.08
15801,40,4,1042.19
15802,121,3,-451.42
15803,44,1,415.82
15804,0,19,3848.55
15805,20,20,5452.17
15806,40,3,784.58
15807,43,3,903.9
15808,256,5,3724.77
15809,30,6,399.21
15810,67,7,1145.43
15811,15,9,2171.32
15812,91,5,1801.14
15813,176,2,1303.91
15814,3,6,1842.73
15815,54,5,2100.6
15819,42,4,1905.45
15820,267,1,206.98
15821,38,2,570.96
15822,3,2,885.47
15823,282,2,-840.76
15825,147,1,532.94
15826,44,4,1649.36
15827,63,20,1641.48
15829,85,2,636.14
15830,25,2,547.7
15831,50,4,747.76
15832,211,1,836.79
15834,60,6,2084.9
15835,38,4,954.09
15836,39,2,117.47
15837,55,1,391.98
15838,10,21,33350.76
15839,22,5,1020.74
15840,50,3,345.66
15841,55,6,1209.1
15843,253,1,118.95
15844,40,1,130.74
15845,15,10,3650.87
15847,33,2,389.27
15850,17,2,238.85
15852,159,2,160.71
15853,44,1,110.8
15854,4,12,2974.65
15855,116,5,712.24
15856,4,31,16173.67
15857,16,1,297
15858,13,5,1438.85
15860,35,8,977.21
15861,11,9,3000.36
15862,7,4,832.88
15863,22,2,68.84
15864,19,8,1769.78
15865,35,3,895.13
15866,87,1,230.53
15867,5,16,3797.79
15869,231,2,149.64
15870,28,1,354.09
15872,12,2,360.93
15874,54,9,4330.67
15877,1,3,440.78
15880,311,2,313.28
15881,261,8,438.24
15882,168,5,495.36
15883,2,2,396.48
15885,79,3,379.35
15886,52,1,181.09
15888,68,2,141.27
15889,133,2,446.87
15891,190,1,524.52
15894,210,2,263.55
15895,127,1,179.17
15897,165,2,222.05
15898,1,6,1384.68
15899,310,1,56.25
15900,20,1,351.11
15901,14,3,363.88
15903,8,8,5126.34
15904,7,1,164.68
15906,17,8,1521.79
15907,3,3,967.45
15909,148,1,191.94
15910,0,8,1232.18
15912,152,2,264.62
15916,14,10,1491.24
15917,205,1,123.1
15918,162,2,334.23
15919,17,2,639.89
15920,131,4,167.5
15921,147,1,336.03
15922,313,2,363.6
15923,313,1,127.08
15925,165,1,207.15
15930,58,1,426.63
15932,4,11,2461.85
15933,18,3,1107.46
15935,198,2,416.86
15937,55,1,145.35
15938,95,5,404.58
15939,77,16,6102.26
15940,260,2,31.8
15942,113,1,337.44
15944,230,1,325.1
15945,307,1,181
15947,71,1,1708.24
15948,7,2,955.24
15949,14,2,364.72
15950,1,5,1705.26
15951,1,3,669.57
15952,29,4,806.57
15953,13,10,1634.53
15955,21,16,4389.81
15957,27,1,428.89
15958,64,1,104.35
15963,17,2,470.76
15965,15,4,845.64
15967,20,2,418.83
15969,2,4,582.9
15970,253,1,314.1
15971,15,12,4199.85
15973,195,3,99.77
15974,34,8,3429.55
15975,72,1,371.01
15976,141,2,430.94
15977,15,2,1054.73
15978,66,1,1098.78
15980,76,3,2398.86
15981,21,8,3408.48
15983,19,4,1475.02
15984,2,11,2816.97
15985,105,3,1037.42
15986,26,1,168.12
15987,11,7,1451.28
15988,17,1,158.03
15990,38,2,792.11
15992,3,1,41.99
15993,7,10,2756.82
15994,47,1,427.07
15996,76,7,1044.78
15998,31,6,3084.17
16000,2,3,12393.7
16003,25,5,2735.37
16005,11,4,615.39
16006,179,1,101.4
16007,41,4,1701.94
16008,20,3,478.78
16009,19,4,992.71
16010,203,3,407.5
16011,7,16,3362.71
16012,30,3,1415.29
16013,3,54,33366.25
16014,30,4,653.13
16015,3,4,690.54
16016,3,10,1483.31
16017,41,1,211.88
16018,34,2,408.9
16019,1,10,3450.24
16020,14,3,851.01
16022,216,1,628.28
16023,40,3,719.81
16024,11,1,251.24
16025,25,1,439.66
16026,37,1,236.09
16027,78,7,852.12
16029,33,76,50992.61
16030,258,1,331.24
16031,79,2,548.94
16033,5,27,8727.61
16034,166,3,437.7
16036,75,2,758.92
16037,224,3,855.02
16038,6,4,454.33
16040,56,3,1313.55
16041,26,3,3166.4
16042,19,7,1147.37
16043,32,4,773.99
16045,101,4,1340.7
16048,73,3,243.69
16049,35,3,1111.79
16050,148,1,137.9
16052,47,1,362.06
16053,28,2,1511.95
16054,124,1,783.9
16055,187,1,134.8
16056,39,1,664.85
16057,4,10,2140.22
16059,56,6,1459.86
16061,224,1,-29.95
16062,8,4,1153.62
16063,216,1,335.32
16065,307,1,372.09
16066,14,5,1521.87
16070,19,2,852.15
16071,38,1,326.24
16072,240,1,584.32
16073,243,2,94.35
16076,3,11,2173.53
16078,236,1,79.2
16079,14,3,1352
16080,70,3,176.6
16081,48,5,2806.9
16083,86,2,1317.62
16084,250,1,436.18
16085,20,5,981.51
16086,51,6,1119.31
16091,131,2,315.06
16092,84,5,779.36
16093,90,1,17
16094,10,6,1041.83
16096,220,1,320.62
16097,199,1,185.05
16098,75,7,2005.63
16099,43,3,731.9
16101,8,3,1245.96
16102,36,3,1842.14
16103,6,6,1429.64
16104,53,1,302.36
16105,206,1,336.96
16106,56,1,108.38
16107,15,7,3204.16
16108,72,2,816.1
16109,185,2,611.88
16110,39,3,1337.48
16112,122,4,195.74
16113,156,1,161.38
16114,145,1,135.75
16115,8,8,1667.97
16116,174,2,592.88
16117,161,1,232.21
16119,7,2,423.36
16120,51,5,1294.14
16121,49,2,867.11
16122,63,4,684.42
16123,44,1,307.78
16124,264,2,187.15
16125,309,1,289.35
16126,25,4,6287.77
16127,34,1,656.25
16128,15,5,1880.22
16131,44,6,3506.54
16133,3,46,14305.66
16134,18,3,603.69
16135,218,1,517.55
16136,51,3,709.38
16138,310,1,-7.95
16139,16,3,635.41
16140,45,4,703.77
16141,76,1,620.4
16142,207,1,535.34
16143,3,7,2419.84
16144,204,1,175.2
16145,7,18,3741.98
16146,134,3,734.13
16147,113,1,375
16148,247,1,76.32
16149,4,2,280.52
16150,33,10,1906.07
16152,223,1,1829.04
16153,42,5,1824.23
16156,7,13,3024.62
16157,13,4,644.24
16159,234,1,348.2
16160,55,4,1009.45
16161,1,26,5352.97
16162,209,1,37.4
16163,189,3,441.6
16164,15,4,802.53
16168,9,28,3770.6
16169,7,4,1822.97
16170,43,7,1880.42
16171,51,1,73.2
16172,82,5,1140.21
16173,13,7,1406.57
16174,107,3,1009.55
16175,81,4,1037.59
16177,43,1,331.95
16178,118,1,197.9
16179,52,1,215.83
16180,86,10,10217.48
16181,63,1,305.54
16182,62,4,6617.65
16183,58,1,338.71
16184,55,7,1155.54
16185,14,2,529.41
16186,19,13,3991.94
16187,27,17,6841.24
16188,38,4,981.86
16189,13,2,215.48
16190,35,1,215.08
16191,2,25,4913.32
16193,196,1,314.45
16198,65,1,400.681
16200,4,2,1080.62
16201,3,5,1821.52
16202,303,1,365.27
16203,50,5,589.15
16204,20,1,405.71
16205,26,4,761.38
16206,47,4,537.06
16207,22,1,394.38
16208,38,2,664.26
16209,76,5,2262.62
16210,1,18,21086.3
16211,70,2,542.77
16212,17,3,681.19
16213,67,1,159
16214,145,3,1062.75
16215,69,1,242.35
16216,222,1,914.93
16217,195,4,259.39
16218,25,8,3054.87
16221,31,3,864.86
16222,266,1,846.72
16224,49,4,1295.3
16225,38,5,1096.32
16226,172,3,255.12
16227,186,2,308.32
16229,75,2,1010.6
16230,161,2,542.03
16232,28,5,983.23
16233,61,5,422.13
16235,35,6,858.41
16236,67,1,432.2
16239,48,3,372.9
16240,7,5,3693.81
16241,8,13,2607.87
16242,7,8,3598.26
16243,29,2,409.1
16244,179,2,1522.75
16245,20,5,1352.36
16247,145,1,114.56
16248,53,1,152.94
16249,45,5,1800.07
16250,217,2,389.44
16252,308,1,-295.09
16253,27,3,3665.62
16255,14,10,2609.3
16256,214,2,732.63
16257,150,1,46.95
16258,39,5,5203.51
16260,43,1,1035.45
16261,15,4,746.83
16262,303,1,-31.65
16265,8,11,5423.15
16266,63,7,861.89
16268,61,2,667.65
16270,297,1,1141.24
16271,2,6,1423.29
16272,99,1,411.7
16274,314,1,357.95
16275,166,1,559.87
16276,150,1,810.6
16278,20,3,537.83
16279,18,4,1496.68
16281,62,1,2062.06
16282,284,1,168.3
16283,5,7,1531.51
16284,27,2,823.97
16287,144,1,142.5
16292,100,2,280.9
16293,7,12,2236.74
16295,8,4,1328.55
16297,180,4,275.4
16298,19,3,598.2
16302,91,2,212.82
16303,22,4,5305.83
16305,118,1,361.22
16306,181,9,602.27
16308,32,4,2560
16309,78,3,686.67
16311,15,2,616.26
16313,3,2,274.15
16315,276,1,226.37
16316,55,12,2755.56
16317,101,3,1341.65
16318,30,1,328.15
16319,184,1,404.4
16320,147,2,1038.46
16321,62,7,230.7
16322,1,2,326.75
16323,166,1,207.5
16324,109,3,428.68
16325,38,5,510.54
16326,5,15,3085.96
16327,12,6,3844.22
16330,15,4,242.21
16332,24,8,1583.2
16333,6,22,26626.8
16337,31,1,151.05
16338,134,1,214.8
16339,237,1,109.95
16340,91,1,549.07
16341,21,6,1959.38
16342,65,4,322.41
16343,14,2,370.48
16344,135,1,101.1
16345,38,1,575.41
16347,10,2,887.65
16348,28,7,1469.45
16349,242,1,53.5
16350,18,5,1100.47
16351,278,1,153.9
16352,15,2,494.44
16353,3,23,6675.71
16354,54,2,395.8
16356,167,4,210.32
16357,29,3,658.88
16358,1,5,2024.95
16359,6,12,1460.37
16360,4,8,3411.69
16361,8,4,896.66
16362,28,9,652.07
16363,46,1,109.36
16364,10,2,707.04
16365,15,9,1540.42
16366,16,1,327.3
16367,32,2,804.49
16368,2,2,497.43
16369,16,3,1553.66
16370,71,4,1320.56
16372,29,2,367.93
16374,57,2,473.03
16376,7,3,977.52
16377,222,1,676.2
16378,205,3,362.95
16379,4,5,2131.9
16380,53,1,1780.59
16383,64,2,668.36
16384,77,2,584.5
16385,52,3,555.89
16386,24,2,317.2
16387,269,1,94.36
16389,46,5,1362.27
16392,224,1,221.19
16393,2,20,2941.05
16394,43,9,1412.06
16395,52,5,1486.9
16398,123,4,1631.15
16399,17,2,408.57
16400,81,1,303.93
16401,1,20,4061.24
16402,220,2,299.6
16403,252,2,161.05
16404,60,1,443.05
16405,252,2,167.25
16406,16,1,163.07
16407,11,10,2126.93
16409,31,5,2028.88
16411,17,2,214.65
16412,46,1,151.83
16413,48,1,262.2
16414,18,2,126.25
16415,38,1,210.35
16416,23,4,1026.99
16418,38,3,675.27
16419,95,7,959.48
16422,15,75,33805.69
16423,21,1,346.12
16424,163,2,82.56
16425,252,1,302.7
16426,2,10,1908.25
16427,219,2,241.06
16428,70,1,-2.95
16429,90,1,284.55
16430,49,1,300.85
16431,181,3,642.81
16432,55,1,287.4
16433,24,1,184.26
16434,25,7,1522.25
16438,5,5,798.35
16440,6,5,3640.67
16441,58,2,381.2
16442,1,3,616.79
16444,40,5,638.77
16445,29,1,230.51
16446,0,3,2.9
16447,115,1,259.01
16448,168,1,188.89
16449,162,3,674.69
16450,127,1,311.92
16451,75,1,266.97
16454,38,3,-8.15
16455,54,7,1841.18
16456,85,5,2158.37
16457,185,1,208.36
16458,2,18,3482.74
16460,24,3,814.72
16461,151,1,151.42
16462,55,4,102
16463,18,7,1383.7
16464,17,3,1314.68
16466,29,7,1603.46
16468,64,1,74.9
16469,20,4,650.43
16470,44,5,757.44
16471,228,1,223.95
16473,140,4,314.86
16474,6,11,1811.47
16475,76,4,544.3
16477,54,7,2494.46
16478,22,3,331
16479,9,2,300.83
16480,65,1,769.29
16482,13,1,220.62
16483,164,1,139.35
16484,148,3,379.4
16485,66,1,363.65
16488,29,4,492.2
16491,40,1,731.5
16493,62,6,1329.66
16494,247,1,826.53
16495,3,3,684.41
16496,7,4,1562.22
16497,42,6,2965.69
16498,137,3,86.12
16499,303,5,319.1
16500,4,6,400.86
16503,90,5,1421.43
16504,22,1,484.38
16505,27,1,777.6
16506,17,2,90.3
16509,247,1,363.7
16510,313,1,248.1
16511,18,3,950.26
16513,4,4,874.59
16515,45,5,1627.13
16516,26,1,101.7
16517,231,1,162.7
16518,53,3,480.92
16519,22,2,215.08
16520,159,4,1036.62
16523,1,28,9295.67
16525,2,29,11895.57
16526,146,1,290.36
16527,70,1,228.06
16528,3,1,244.41
16529,162,1,455.25
16531,19,7,1244.59
16532,15,3,6748.8
16533,17,5,1026.94
16535,5,1,593.75
16536,91,2,539.02
16539,2,4,1388.81
16542,46,1,119.62
16545,140,1,339.3
16546,242,3,-95.93
16549,9,10,4154.64
16550,92,9,2266.25
16551,82,3,922.12
16552,201,2,379.73
16553,139,14,5664.57
16554,3,7,641.55
16555,30,2,285.89
16556,57,7,3313.79
16557,21,2,281.85
16558,0,24,8257.04
16560,18,3,816.51
16561,5,2,511.12
16563,46,1,1077.74
16565,306,1,173.7
16566,13,6,614.01
16567,165,2,865.6
16569,3,1,124.2
16570,7,15,3622.95
16571,3,5,1285.22
16572,108,4,999.7
16573,63,4,648.41
16574,61,1,451.44
16579,307,1,-30.6
16581,132,2,70.44
16582,96,1,313.62
16583,314,1,233.45
16584,69,3,908.03
16586,206,1,463.95
16587,192,1,225.15
16589,61,3,459.24
16591,59,1,213.5
16592,4,19,4073.28
16593,43,3,330.03
16594,65,1,181.09
16595,53,1,360.16
16596,13,2,250.15
16597,4,1,90.04
16598,231,2,140.7
16600,4,6,813.52
16601,35,1,244.8
16602,27,2,494.73
16603,64,2,482.47
16607,15,16,3038.67
16609,13,9,5450.96
16610,186,1,75.66
16611,159,2,120.99
16612,28,4,1187.66
16613,60,1,618.59
16614,155,1,506.19
16616,13,2,500.42
16617,195,1,151.85
16618,27,6,2630.64
16619,210,2,204.41
16620,3,2,178.96
16621,44,4,813.48
16623,203,1,129.45
16624,69,2,810.57
16625,228,1,333.08
16626,0,20,4379.65
16627,68,1,322.8
16628,25,6,2183.04
16629,63,2,417.73
16633,15,7,2878.15
16634,188,2,217.9
16637,28,5,1124.59
16638,19,11,1676.47
16639,22,4,1169.38
16641,89,1,231.1
16642,4,3,679.83
16643,203,1,487.51
16644,151,2,833.78
16647,144,2,214.06
16648,33,2,270.86
16650,61,1,518.42
16652,46,11,6654.26
16653,14,3,1166.92
16654,120,5,594.97
16655,15,6,3794.52
16656,19,21,8568.24
16657,8,4,933.62
16658,310,1,123.24
16659,161,1,39.12
16660,14,5,810.45
16665,305,1,135.4
16666,17,1,118.98
16667,59,2,570.13
16668,13,6,306.72
16669,20,4,1370.87
16670,14,17,4022.46
16671,24,3,1692.27
16672,2,23,8093.59
16674,47,2,319.61
16676,29,5,1558.72
16678,2,17,3013.83
16679,308,1,129.75
16680,37,1,183.7
16681,62,6,1770.34
16682,4,5,1028
16684,4,31,65892.08
16685,53,2,324.24
16686,41,9,3043.48
16688,1,4,1260.86
16689,65,3,303.26
16690,37,3,208.63
16692,213,2,1276
16693,59,2,482.01
16696,115,4,657.9
16697,200,1,112.75
16698,190,2,1998
16700,7,17,5040
16701,7,18,5150.27
16705,0,29,13946.13
16706,32,3,531.35
16708,39,1,656.63
16709,72,5,3029.87
16710,17,10,2483.04
16711,3,5,1651.03
16712,8,11,3645.43
16713,16,21,6840.23
16714,185,4,911.53
16715,67,1,301.72
16716,221,3,319.8
16717,8,9,3278.36
16718,311,1,623.75
16719,12,8,1773.92
16720,23,1,155.24
16721,218,1,292.47
16722,15,16,4711.21
16723,78,2,589.15
16725,252,8,775.07
16726,23,5,1382.02
16727,306,1,272.82
16728,40,4,1054.67
16729,31,26,7076.28
16730,45,4,702.79
16732,27,1,603.75
16734,45,3,650.51
16735,67,7,2269.21
16737,46,1,417.6
16738,248,1,3.75
16739,147,2,312.55
16742,40,2,0
16743,25,8,2191.84
16744,10,7,1304.76
16745,74,18,7170.7
16746,4,19,6694.31
16747,22,4,826.96
16748,15,5,1515.9
16750,38,5,623.93
16751,26,1,1764.72
16752,313,1,207.5
16753,50,1,223.92
16754,313,1,2002.4
16755,97,5,1484.63
16756,182,1,239.4
16757,266,1,106.83
16758,56,1,369.34
16759,6,4,772.84
16761,83,1,316.62
16762,17,3,1501.38
16763,158,2,594.9
16764,3,18,2758.25
16765,245,1,34
16766,227,2,1145.6
16767,26,11,5580.6
16768,41,5,458.04
16769,216,1,380.39
16770,49,6,744.9
16771,29,5,2246.81
16773,49,1,171.59
16774,58,5,654.92
16775,9,11,1695.66
16776,52,1,388.28
16777,69,2,226.35
16778,64,2,245.94
16779,2,28,10454.05
16780,86,2,425.19
16781,307,2,294.65
16782,9,19,2242.25
16784,17,1,107.6
16788,105,2,597.48
16789,7,1,80.8
16790,3,8,1520.12
16791,25,8,1706.28
16792,235,2,110.38
16793,49,1,243.84
16794,1,12,1201.51
16795,307,1,414.88
16796,77,1,305.62
16800,10,1,1201.49
16801,139,5,867.83
16803,56,1,332.3
16804,20,3,536.99
16805,148,2,460.59
16806,88,4,801.49
16807,121,3,1121.59
16808,85,2,288.42
16809,20,6,912.74
16810,164,2,275.64
16811,4,2,547.07
16812,303,1,479.35
16813,7,10,1692.98
16814,12,22,6500.6
16816,88,4,417.06
16817,2,13,1446.95
16818,9,13,3317.97
16820,82,1,497.61
16823,191,1,358.38
16824,13,2,460.64
16825,33,2,775.18
16826,44,1,341.7
16828,80,2,128.5
16829,133,1,197.22
16830,33,1,325.91
16832,157,3,199.15
16833,1,4,1106.53
16834,191,1,413.46
16835,109,2,180.85
16836,34,2,251.87
16837,27,12,3167.73
16838,167,3,582.9
16839,7,39,15357.78
16841,31,7,1774.62
16842,55,4,1260.44
16843,36,17,10183.82
16846,43,1,214.32
16847,37,1,193.44
16848,45,1,281.42
16849,159,1,124.57
16850,279,1,332.41
16851,4,3,342.45
16852,9,2,144.91
16855,20,2,328.4
16856,12,1,35.4
16858,308,2,345.89
16859,90,5,473.14
16861,51,3,151.65
16863,25,4,481.35
16866,119,3,207.74
16869,19,5,805.62
16871,19,7,2761.49
16872,66,3,680.02
16873,4,10,7066.31
16875,55,9,2023.47
16877,11,6,853.72
16878,21,2,8.88E-16
16880,26,7,1519.08
16881,57,1,432
16882,57,3,705.12
16883,160,2,276.73
16884,32,2,429.84
16885,13,3,471.51
16887,30,1,194.88
16889,165,3,1578.67
16891,1,5,809.7
16892,1,7,496.84
16893,308,1,145.93
16895,55,1,219.14
16897,250,3,213.03
16898,23,4,444.46
16899,6,6,1281.56
16900,10,5,187.69
16902,99,1,1706.88
16903,25,1,373.24
16904,4,16,3754.27
16905,5,8,3085.48
16906,70,4,579.77
16907,25,5,981.65
16909,55,2,364.14
16910,4,8,1510.06
16912,20,14,2528.67
16913,242,1,113.44
16914,31,1,208.46
16915,8,6,621.68
16916,20,2,576.26
16917,230,1,391.52
16918,42,7,1043.34
16919,133,11,2596.45
16921,53,1,169.79
16923,11,26,6666.83
16924,18,4,739.5
16926,312,1,230.25
16927,98,3,543.05
16928,69,19,2781.5
16929,3,7,1295.39
16930,23,3,380.55
16931,5,21,4604.22
16932,46,1,161.94
16933,1,5,530.08
16934,47,2,950.93
16936,22,1,262.68
16938,7,5,1903.13
16940,45,3,3049.88
16942,11,10,1894.11
16943,179,3,816.73
16945,18,19,4345.5
16947,195,1,406.48
16948,118,3,435.02
16949,3,7,1161.27
16950,48,3,1178.56
16951,105,4,1262.75
16952,93,2,167.61
16953,26,1,20.8
16954,0,9,2085.08
16955,157,5,493.67
16956,8,2,292.34
16957,198,2,416.64
16959,75,1,117.35
16960,33,3,507.05
16961,99,1,234.17
16963,160,1,110.55
16965,190,1,201.19
16966,7,10,2148.47
16967,161,1,319.02
16968,4,2,439.43
16969,34,3,650.41
16971,2,2,232.21
16976,222,1,251.52
16978,66,1,344.33
16979,3,8,1809.05
16980,212,2,1078.96
16982,52,1,384.06
16983,11,8,1920.2
16984,67,5,4392.42
16985,15,11,5461.62
16986,25,2,1873.2
16987,3,7,1625.05
16988,5,1,126.12
16989,6,6,1133.25
16990,185,1,179
16992,9,6,1601.86
16995,313,1,-1.25
16996,26,9,1427.46
16997,240,3,702
16998,127,6,287.02
16999,20,2,484.82
17001,0,11,3989.57
17002,63,4,1487.78
17004,40,2,1412.94
17006,4,4,781.78
17007,43,7,877.43
17010,14,2,185.46
17011,26,1,270.9
17014,7,4,565.58
17015,24,3,1842.56
17017,2,27,8574.11
17018,35,2,920.1
17019,10,4,1272.61
17022,27,1,71
17024,39,3,95.85
17025,52,3,357.77
17026,158,2,154.83
17027,67,7,848.59
17029,94,2,716
17030,54,1,146.87
17031,10,2,380.35
17033,74,3,1030.14
17034,14,4,734.57
17035,203,3,388.33
17037,67,2,1253.22
17038,26,1,112.4
17040,117,1,449.73
17041,23,4,1065.77
17042,2,5,1044.38
17043,28,4,1735.18
17044,7,3,897.43
17045,96,3,339.44
17046,134,1,642.02
17047,73,3,1100.9
17048,98,6,864.32
17049,2,11,5594.78
17050,83,6,3228.84
17051,165,1,247.14
17052,24,1,413.75
17053,109,2,496.38
17054,24,6,1353.83
17058,70,3,1179.89
17059,25,5,3095.04
17060,221,1,234.24
17061,63,12,5116.13
17062,262,5,534.47
17063,7,11,1421.59
17064,50,3,859.35
17065,122,1,-112.35
17068,11,22,4531.34
17069,24,13,2655.22
17070,97,1,312.14
17071,7,14,2385.48
17073,15,4,1446.09
17075,15,5,813.77
17076,31,3,841.08
17078,31,2,378.2
17079,67,1,118.8
17080,19,3,285.5
17081,22,2,290.16
17082,29,2,2003.85
17083,93,3,1405.78
17084,30,2,2949.75
17085,105,6,1555.05
17086,6,6,2050.08
17088,24,4,1991.01
17090,4,8,2041.85
17091,2,10,3802.81
17092,43,4,1777.78
17094,266,2,270.2
17095,19,6,1088.2
17096,8,7,992.68
17097,2,9,937.92
17100,16,2,971.74
17101,9,4,1621.73
17102,217,1,25.5
17105,136,2,665.78
17107,28,7,10380.43
17109,25,8,869.68
17110,141,1,163.3
17111,41,1,248.61
17114,5,10,747.22
17115,7,5,806.9
17117,240,1,116.2
17118,265,1,157.02
17119,3,3,593.61
17120,193,1,307.46
17122,101,1,138.32
17123,137,1,345.3
17124,158,1,298.89
17125,43,1,259.35
17126,130,7,991.85
17128,280,1,157.09
17131,5,5,2463.17
17133,13,7,4892.24
17134,90,2,425
17135,14,7,1139.73
17138,229,1,380.5
17139,13,15,10585.57
17140,205,1,465.32
17142,198,1,579
17144,1,2,984.57
17146,89,3,749.78
17147,19,6,1679.64
17148,44,1,124.88
17152,165,4,1503.5
17153,21,1,213.78
17154,65,1,329.34
17155,15,2,251.7
17157,6,3,306.55
17158,28,3,1266.97
17159,18,4,1534.73
17160,27,6,3518.03
17162,24,11,1707.21
17163,18,2,293.1
17164,28,8,2466.4
17165,237,1,158.68
17166,33,3,189.49
17169,43,4,816.88
17171,241,1,224.91
17172,64,2,313.26
17173,5,9,3755.65
17174,184,1,59.9
17175,38,5,1430.94
17176,171,1,306.13
17179,152,3,711.79
17180,48,6,780.38
17181,49,2,239.92
17183,6,8,3286.91
17186,40,2,144
17187,190,1,203.95
17188,10,9,2275.58
17189,90,2,384.4
17190,50,3,249.74
17191,24,7,2095.13
17193,30,9,1674.46
17194,227,2,262.62
17197,25,1,1013.01
17198,20,3,692.22
17201,46,1,342.63
17203,30,6,3563.85
17204,144,9,1352.91
17205,46,1,384.08
17206,46,1,204.24
17211,23,9,2299.67
17212,210,1,226.85
17213,35,11,2741.08
17214,52,7,984.12
17217,194,1,113.5
17218,4,10,1960.72
17219,27,1,114.23
17220,21,14,3198.25
17221,6,2,335.13
17222,56,1,354.15
17223,259,2,426.79
17226,257,1,393.49
17227,16,6,939.32
17228,13,8,1906.09
17229,83,2,318.76
17230,220,11,3466.67
17231,11,14,3127.82
17232,2,2,421.52
17233,30,1,190.88
17234,155,1,149.89
17235,22,2,550.06
17236,11,6,916.13
17237,10,2,314.69
17238,2,17,3744.65
17239,261,2,379.95
17242,92,2,1135.04
17243,1,30,8628.55
17244,46,1,954.9
17245,173,1,171.45
17247,13,1,282.19
17248,102,1,318.65
17250,3,2,384.52
17251,305,1,283.28
17252,99,2,353.86
17253,16,1,178.26
17254,4,2,272.44
17255,35,2,298.41
17256,91,2,240
17259,126,2,603.37
17262,45,5,1253.36
17263,177,1,63.44
17265,118,2,562.9
17266,2,3,310.64
17267,108,2,317.62
17268,91,4,763.64
17272,36,5,2144.53
17274,30,1,111.98
17277,191,2,1065.35
17278,200,1,246.04
17279,49,1,187.83
17282,111,3,1703.41
17284,52,7,1641.68
17286,18,1,153.92
17287,23,7,1064.11
17288,8,7,1419.73
17289,27,4,936.16
17290,3,2,525.24
17291,257,1,550.8
17293,7,9,1875.11
17295,24,3,556.95
17297,15,1,131.78
17298,87,2,498.42
17299,10,4,669.11
17301,18,1,197.63
17302,12,6,1119.93
17303,304,1,250.04
17306,9,21,8600.73
17307,307,1,-152.64
17309,82,1,82.75
17311,67,2,1384.85
17312,118,3,644.3
17313,15,2,2288.13
17314,21,11,2514.76
17315,0,43,6204.46
17317,40,5,2524.02
17320,86,3,1200.62
17321,7,2,700.86
17323,13,9,908.99
17324,15,4,990.23
17325,233,1,96.8
17329,12,2,523.11
17330,19,2,363.9
17331,105,1,175.2
17333,73,1,494.25
17334,251,3,306.6
17337,129,7,1944.32
17338,15,10,6612.18
17339,81,2,243.36
17340,8,16,11891.18
17341,133,3,781.36
17343,299,1,193.64
17344,40,1,160.57
17345,13,4,537.74
17346,3,16,2611.58
17347,74,1,228.96
17348,12,5,1159.52
17349,153,1,110.75
17350,7,5,1256.19
17351,31,3,587.15
17353,110,2,1740
17354,43,1,1393.06
17356,260,1,178.22
17357,21,2,388.14
17358,253,2,365.85
17359,10,1,127.86
17360,15,3,585.79
17361,42,3,488.2
17362,198,2,312.23
17364,0,12,4455.73
17365,11,8,4801.56
17367,197,1,168.4
17368,20,9,1349.52
17370,62,4,446.18
17371,15,3,423.89
17372,35,8,1342.68
17373,35,4,646.92
17374,185,2,495.77
17375,162,4,372.5
17376,60,2,203.2
17377,20,21,3925.92
17379,10,1,404.66
17381,7,30,20272.43
17382,56,1,65.4
17383,4,1,199.29
17384,17,2,336.4
17385,12,1,261.11
17386,6,6,2686.42
17387,17,2,784.11
17388,66,4,1259.56
17389,0,43,31300.08
17391,139,2,508.8
17392,256,2,457.91
17394,186,1,203.87
17396,34,8,7330.8
17397,19,2,696.41
17398,97,3,653.38
17400,107,5,2129.96
17402,4,13,2633.85
17403,31,1,281.62
17404,4,18,30300.82
17405,1,5,967.22
17406,276,5,1928.72
17408,139,1,32.65
17409,157,2,771.85
17410,14,5,1214.72
17411,11,4,748.94
17412,2,7,1258.06
17414,37,2,778
17415,68,1,507.84
17416,25,9,6838.34
17418,36,2,463.46
17419,10,14,4200.97
17420,43,3,598.83
17422,14,10,1853.13
17423,39,4,663.63
17425,17,2,759.17
17426,4,7,5022.26
17427,61,1,100.8
17428,0,33,17078.45
17429,102,4,512.12
17430,28,2,265.76
17431,262,1,403.3
17432,16,2,365.76
17433,76,1,303.16
17434,2,9,2333.42
17436,1,2,216.3
17438,205,2,378.3
17440,125,5,177.1
17442,25,10,2210.26
17443,186,1,534.24
17444,125,3,2940.04
17446,150,2,120.9
17447,35,2,541.53
17448,123,1,-4287.63
17449,2,8,2504.86
17450,7,55,187482.17
17451,1,10,1648.95
17453,15,2,486.72
17454,164,4,517.53
17455,172,1,131.7
17456,307,1,249.86
17457,107,5,1737.7
17458,13,1,316.5
17459,37,2,657.3
17460,67,8,452.63
17461,19,3,757.46
17462,44,3,662.94
17463,14,6,1881.36
17464,135,1,289.96
17466,9,2,763.28
17468,9,2,137
17469,14,6,1843.06
17470,38,5,1125.07
17472,163,3,710.29
17475,68,1,194.37
17480,63,2,506.51
17481,3,5,1249.34
17483,56,3,414.04
17486,217,1,396.87
17489,50,2,376.64
17490,0,11,1926.88
17491,1,11,3541.92
17492,206,1,374.57
17495,6,2,497.56
17496,301,1,271.05
17498,65,1,272.22
17499,241,1,622.88
17500,15,3,1138
17501,187,2,288.6
17502,8,4,689.1
17503,2,2,558.96
17504,175,10,2745.28
17505,137,2,1145.84
17506,60,2,294.29
17507,217,2,605.58
17508,233,1,387.31
17509,49,11,6100.74
17510,21,1,308.48
17511,2,46,88125.38
17512,24,11,2920.04
17513,62,1,513.2
17514,109,1,208.65
17515,27,4,639.02
17516,13,5,768.08
17517,257,1,153.94
17519,15,7,1839.07
17520,46,1,546.81
17521,21,4,721.96
17522,1,5,1070.71
17523,10,4,652.74
17524,304,1,145
17525,302,1,422.7
17526,1,8,706.7
17527,46,6,888.86
17528,1,11,3540.1
17530,1,10,2385
17531,102,2,293.45
17534,46,1,223.36
17535,233,1,164.4
17536,151,1,76.5
17537,25,2,897.62
17538,22,1,98.42
17540,7,3,570.4
17542,224,1,170.75
17545,37,3,645.96
17547,313,1,-11.8
17548,184,3,-141.48
17549,20,2,148.86
17550,167,3,267.16
17551,302,1,306.84
17552,36,6,909.96
17553,110,1,1487.6
17554,1,5,1952.45
17555,17,2,483.26
17556,174,1,157.9
17557,12,3,541.46
17560,81,5,854.95
17561,17,1,167.62
17562,12,8,1107.38
17564,21,3,454.01
17566,7,2,901.21
17567,6,10,4012.56
17569,278,1,344.14
17571,43,4,1498.51
17572,61,4,226.75
17573,25,4,362.9
17574,201,1,185.65
17576,7,22,3457.78
17578,162,2,124.74
17579,4,4,440.2
17580,209,3,215.72
17581,0,31,10736.11
17582,196,1,175.27
17584,6,3,1227.3
17585,93,4,1133.07
17588,86,3,1240.2
17589,52,4,2404.17
17590,2,3,1479.22
17591,63,8,2215.02
17593,3,6,3911.56
17594,73,2,993.18
17595,11,2,388.79
17596,20,7,2827.93
17597,181,1,2044.37
17600,15,1,161.67
17601,198,1,116.01
17602,2,8,5050.77
17603,43,5,-1165.3
17604,184,2,309.36
17608,29,2,193.42
17609,35,6,1103.92
17611,3,19,3947.87
17612,46,10,1992.76
17613,19,17,4509.37
17614,49,1,390.07
17615,111,3,329.6
17616,148,3,571.2
17618,5,3,971.58
17619,261,1,218.52
17620,51,1,81.44
17621,18,4,1336.1
17623,28,1,527.05
17624,12,2,843.48
17625,16,4,2047
17628,70,1,75.75
17629,5,9,1784.12
17630,144,2,503.6
17631,1,3,528.33
17633,27,6,1242.34
17634,31,9,2361.97
17636,7,2,265.93
17637,27,2,547.06
17639,230,1,108.5
17640,74,1,621.66
17642,101,2,712.29
17643,314,1,101.55
17644,1,17,2768.98
17646,186,4,995.66
17647,56,1,133.06
17648,52,5,1789.55
17649,114,2,861.74
17650,18,1,166.08
17651,10,14,3886.67
17652,22,18,4737.13
17653,25,5,1175.88
17654,231,1,117.55
17655,9,8,2571.74
17656,63,5,1674.69
17658,9,3,485.88
17659,3,14,2954.75
17660,120,1,196
17663,22,9,1788.27
17664,16,2,604.64
17666,3,2,728.16
17667,57,5,2055.51
17668,1,2,347.75
17669,36,7,3406.72
17670,191,1,205.7
17671,13,6,1284.08
17672,37,4,3106.62
17673,1,7,1622.22
17674,64,2,551.04
17675,1,41,20098.1
17676,4,7,1383.27
17677,1,43,16219.22
17678,219,1,298.11
17679,45,2,1992.11
17680,20,1,184.4
17682,9,7,2459.33
17684,37,1,239.41
17685,14,7,3191.53
17686,6,7,5739.46
17690,26,16,4748.45
17691,301,2,290.4
17692,108,5,733.44
17693,116,3,187.02
17694,120,1,283.12
17695,112,2,765.34
17696,33,14,2201.05
17697,196,1,338.95
17698,216,1,154.95
17700,14,6,2508.89
17701,209,1,417.95
17702,26,6,1719.72
17703,30,3,798.74
17704,143,2,885.19
17705,3,10,1781.12
17706,4,22,10097.37
17707,158,2,152.4
17708,160,2,267.08
17709,144,1,137.45
17711,9,2,385.1
17712,38,1,522.91
17714,268,1,153
17715,170,1,326.4
17716,19,12,5505.79
17718,192,1,139.35
17719,32,18,5367.8
17720,23,4,1195.94
17722,83,6,2380.64
17723,108,6,3276.4
17724,49,4,995.65
17725,14,14,3371.13
17727,8,2,1042.55
17728,3,5,2515.68
17730,3,15,5288.83
17731,68,5,878.2
17732,313,1,303.97
17733,33,2,692.19
17734,46,3,700.63
17735,2,19,13110.02
17736,8,4,337.49
17737,8,2,168.24
17738,17,5,1863.35
17739,10,8,2786.05
17742,96,2,355.11
17744,3,7,2291.08
17746,194,2,98.8
17747,86,2,64.65
17749,152,2,674.52
17750,5,9,1797.57
17752,302,1,80.64
17754,0,6,1739.92
17757,1,31,5585.49
17758,17,8,3456.7
17759,15,3,834.99
17760,18,2,287.59
17761,28,1,712.78
17763,219,1,15
17764,43,2,818.82
17765,135,3,371.88
17767,13,1,271.2
17768,7,3,2273.18
17769,11,12,3960.63
17770,168,5,1143.27
17771,48,2,245.81
17772,9,2,182.77
17774,83,5,1215.46
17775,211,1,56.4
17777,21,3,665.86
17779,18,5,642.17
17781,136,2,188.02
17783,62,2,283.47
17785,46,1,131.94
17786,73,2,278.74
17787,130,4,1865.19
17788,63,2,1117.9
17789,234,1,225.9
17790,23,14,1965.55
17791,25,1,106.1
17793,22,1,323.04
17795,153,2,350.39
17796,35,4,697.9
17797,19,3,780.43
17799,19,11,3026.08
17800,32,9,1199.01
17802,71,4,1251.84
17805,63,1,512.31
17806,10,1,546.04
17809,14,15,4627.62
17811,4,51,7677.71
17812,11,4,732.16
17813,12,7,1714.6
17816,31,4,36.56
17817,4,3,387.68
17819,61,8,3661.07
17820,163,2,-24.05
17824,44,1,298.4
17827,5,5,1995.46
17828,7,9,1599.97
17829,249,1,889.24
17830,1,3,398.7
17831,29,1,35.4
17832,42,1,155.37
17835,2,3,350.64
17836,41,1,110.21
17837,36,10,1560.53
17838,23,6,2312.7
17839,36,1,338.8
17841,1,169,40340.78
17843,253,1,205.48
17844,90,1,51.56
17846,73,1,2033.1
17848,70,9,901.2
17849,185,4,605.8
17850,252,35,5288.63
17852,10,2,114.34
17854,158,2,311.26
17855,313,1,208.97
17856,1,6,1393.79
17857,3,25,26763.34
17858,5,12,5155.66
17859,254,1,148.21
17860,310,1,252.8
17861,3,9,2059.2
17862,270,1,330.9
17863,51,6,3160
17864,11,3,597.5
17865,26,27,10158.54
17866,121,2,325.7
17867,26,8,622.75
17869,91,5,428.18
17870,2,13,1889.4
17871,173,1,155.9
17873,69,6,1764.36
17874,158,7,658.26
17877,145,1,237.61
17878,37,1,379.45
17879,148,1,178.52
17880,306,1,458.92
17881,254,1,133.35
17883,3,4,671.77
17884,3,4,717.45
17885,11,1,190.19
17886,27,3,899.61
17887,110,1,111.35
17888,16,10,525.78
17889,180,2,203.87
17890,269,2,602.09
17891,138,1,203.86
17892,48,3,244.1
17893,189,1,112.25
17894,61,8,1119.81
17895,38,1,98
17896,20,1,256.32
17897,147,4,541.1
17898,73,2,152.06
17899,136,1,155.8
17900,140,4,15
17901,25,1,110.38
17904,18,2,178.92
17905,61,4,800.24
17906,205,1,72.9
17908,314,1,243.28
17911,8,1,366.23
17912,259,6,295.61
17913,50,2,411.6
17914,3,1,336.43
17917,39,3,341.28
17919,76,1,1304.04
17920,4,17,4204.1
17921,55,4,826.52
17923,235,1,207.5
17924,1,13,2894.33
17925,313,1,244.08
17926,113,2,397.29
17928,39,2,212.54
17929,10,5,834.5
17930,30,5,1740.48
17931,114,2,408.36
17932,25,3,1331.57
17934,44,2,704.25
17935,118,2,145.79
17936,5,1,389.84
17937,7,7,4301.22
17939,136,1,99.14
17940,42,14,1983.58
17941,111,1,304.56
17942,6,1,77.5
17946,193,2,149.58
17947,32,1,176.68
17948,125,1,358.56
17949,1,52,52750.84
17950,62,4,472.12
17951,34,4,990.84
17954,5,16,2295.37
17955,168,4,557.3
17956,207,1,12.75
17957,57,1,111.68
17958,99,1,508.46
17960,146,1,73.78
17961,18,39,1296.44
17962,121,1,102.83
17964,27,2,471.7
17965,32,14,2622.57
17966,32,5,1098.43
17967,312,1,123.07
17968,314,1,277.35
17969,142,2,228.2
17970,179,1,582.59
17972,200,1,136.04
17973,44,1,337.04
17974,21,3,740.79
17975,13,14,4393.61
17976,313,1,353.19
17977,25,1,288.14
17978,307,1,300.92
17979,30,5,737.81
17980,141,3,811.45
17984,124,1,152.68
17985,19,1,634.95
17986,48,1,20.8
17987,158,1,198.57
17988,10,8,191.17
17990,196,3,630.84
17991,189,2,93.35
17994,103,6,629.69
17995,234,1,76.1
17997,64,12,1511.3
17999,32,2,382.06
18001,11,2,417.23
18004,305,1,169.47
18005,3,2,249.72
18006,20,1,444.68
18008,60,9,2116.19
18009,195,2,252.24
18010,213,1,174.8
18011,314,1,102.79
18013,132,2,187.29
18014,24,1,166.42
18015,4,1,120.03
18016,28,5,1483.56
18017,70,3,523
18018,92,2,122.14
18019,44,1,38.45
18022,30,1,668.11
18024,130,3,236.78
18027,84,1,115.31
18030,4,3,220.7
18032,280,1,73.5
18033,56,1,97.97
18034,18,2,422.88
18035,30,3,730.4
18036,28,3,405.62
18037,131,6,70.02
18040,17,2,357.2
18041,10,22,4161.14
18042,46,1,165.05
18043,21,3,559.51
18044,4,11,2085.65
18045,39,1,189.4
18048,172,2,172.29
18050,302,1,74.4
18053,57,2,297.07
18055,6,11,6752.14
18056,240,1,363.65
18058,8,1,170.16
18059,8,4,296.71
18061,18,10,2119.41
18062,148,3,720.52
18064,113,2,814
18065,5,15,2380.08
18066,65,1,318
18067,35,1,396.33
18068,241,1,101.7
18069,23,7,2021.82
18071,214,2,453
18072,132,2,2.49E-14
18073,97,13,3864.44
18074,314,1,489.6
18075,20,14,2538.72
18077,7,11,2633.01
18078,184,2,336.13
18079,39,4,3651.97
18080,16,2,1231.5
18081,31,3,343.45
18082,22,1,703.37
18084,14,2,87.53
18085,276,2,689.95
18086,228,1,101.34
18087,84,4,3770.12
18088,53,1,167.67
18092,2,12,9065.76
18093,80,5,2083.42
18094,70,7,3017.3
18095,261,2,580.05
18096,10,3,911.15
18097,6,7,2692.85
18099,108,1,168.31
18101,10,2,223.65
18102,0,62,256438.49
18104,32,1,754.64
18105,32,1,113.48
18106,275,1,430.7
18108,206,2,264.65
18109,1,31,7925.32
18110,17,2,206.05
18112,11,2,352.69
18113,310,1,76.32
18114,242,1,220.1
18116,58,8,1418.03
18117,22,1,320.72
18118,9,31,5595.77
18119,309,1,181.12
18120,182,1,111.15
18121,127,2,673.1
18122,7,6,1826.21
18123,21,2,589.44
18125,25,5,1141.34
18126,52,1,206.83
18127,17,3,348.73
18129,202,1,112.55
18130,7,4,1045.74
18133,179,2,715.5
18135,25,5,681.91
18136,54,4,761.83
18138,246,1,152.65
18139,15,8,8393.22
18141,303,1,-35.4
18142,129,4,1014.9
18143,99,2,1000.16
18144,6,12,2888.75
18145,11,4,2861.55
18146,119,2,160.35
18147,39,2,179.34
18149,43,3,612.08
18150,28,3,566.58
18151,114,2,653.35
18154,3,2,399.19
18155,65,4,347.82
18156,11,2,734.94
18158,8,3,451.75
18159,251,1,530.15
18160,49,2,638.06
18161,9,6,1612.79
18164,27,2,394.7
18165,151,1,302.46
18167,3,6,1355.51
18168,150,9,1133.64
18169,52,1,202.65
18170,29,3,980.31
18171,50,7,1208.51
18172,12,25,7490.17
18173,74,4,2106.84
18174,6,1,104
18176,297,2,448.65
18177,27,7,1314.17
18178,96,6,1573.41
18179,8,6,1793.17
18180,4,6,1843.75
18181,21,1,382.8
18183,185,6,600.52
18184,13,1,49.8
18185,207,1,304.25
18188,13,4,1998.49
18189,66,3,1084.34
18190,164,3,274.51
18191,217,1,207.8
18192,61,1,957.97
18193,128,3,212.96
18194,55,2,896
18196,82,2,689.13
18198,4,21,5083.06
18200,90,1,163.8
18202,169,3,1396.99
18203,134,1,160.42
18204,61,4,1979.3
18205,31,2,517.36
18209,24,1,139.1
18210,1,6,2621.38
18211,22,5,600.07
18212,273,1,248.42
18213,196,1,232.48
18215,77,1,299.34
18216,27,1,481.75
18217,25,2,621.75
18218,175,4,626.38
18219,2,11,2019.77
18220,186,2,297.78
18221,19,6,1033.31
18222,79,1,443
18223,1,27,6315.23
18224,219,1,158.95
18225,3,17,5361.02
18226,33,14,5192.1
18227,184,1,93.75
18228,43,3,769.2
18229,10,20,7276.9
18230,8,10,2716.6
18231,164,6,2066.17
18232,70,5,582.47
18233,272,1,440
18235,61,3,1796.48
18236,25,6,882.24
18237,2,5,987.1
18239,185,5,1561.61
18240,40,1,422.58
18241,8,18,2058.09
18242,62,4,2232.49
18245,6,8,2507.56
18246,20,2,596.1
18248,96,4,783.02
18249,15,1,95.34
18250,251,2,342.92
18251,75,1,4314.72
18252,43,2,526.67
18255,77,1,103.3
18256,298,1,-50.1
18257,34,12,2265.38
18259,21,3,2338.6
18260,147,8,2595
18261,37,2,324.24
18262,119,1,149.48
18263,20,4,1211.08
18265,62,2,801.51
18268,114,2,0
18269,301,2,138.9
18270,33,3,238.95
18272,2,7,3064.78
18273,2,3,204
18274,15,2,2.13E-14
18276,18,3,323.36
18277,50,2,97.63
18278,63,1,173.9
18280,231,1,180.6
18281,154,1,80.82
18282,6,3,176.6
18283,3,16,2094.88
18287,36,3,1837.28
,0,3710,1447682.12
